"Time.Series","region_final_dep","date","index"
201701,"Africa",2017-01-15,0.670539308904496
201701,"Europe",2017-01-15,0.59362473068426
201701,"Japan/Korea",2017-01-15,0.769682400538819
201701,"North America",2017-01-15,0.765820512238204
201701,"Oceania",2017-01-15,0.894698261213214
201701,"Russia",2017-01-15,0.527992387511582
201701,"South America",2017-01-15,0.865275038048377
201701,"South-eastern Asia",2017-01-15,0.762931461292593
201701,"Southern Asia",2017-01-15,0.88871463142072
201701,"Western Asia",2017-01-15,0.603326906372861
201702,"Africa",2017-02-15,0.595119961877858
201702,"Europe",2017-02-15,0.53500854638575
201702,"Japan/Korea",2017-02-15,0.713192197683687
201702,"North America",2017-02-15,0.665448514881422
201702,"Oceania",2017-02-15,0.765430440352954
201702,"Russia",2017-02-15,0.455829002233837
201702,"South America",2017-02-15,0.720112168831361
201702,"South-eastern Asia",2017-02-15,0.693749403427515
201702,"Southern Asia",2017-02-15,0.796730405955227
201702,"Western Asia",2017-02-15,0.539397782181853
201703,"Africa",2017-03-15,0.665765922484252
201703,"Europe",2017-03-15,0.630048757843286
201703,"Japan/Korea",2017-03-15,0.772850740767308
201703,"North America",2017-03-15,0.787762959889706
201703,"Oceania",2017-03-15,0.802800482888719
201703,"Russia",2017-03-15,0.520761732393746
201703,"South America",2017-03-15,0.793586862966739
201703,"South-eastern Asia",2017-03-15,0.751072492366102
201703,"Southern Asia",2017-03-15,0.926838738782453
201703,"Western Asia",2017-03-15,0.61997990466637
201704,"Africa",2017-04-15,0.718574554262321
201704,"Europe",2017-04-15,0.688398815780793
201704,"Japan/Korea",2017-04-15,0.731817579121948
201704,"North America",2017-04-15,0.796103074136646
201704,"Oceania",2017-04-15,0.790306152353454
201704,"Russia",2017-04-15,0.568086783749548
201704,"South America",2017-04-15,0.787911236461427
201704,"South-eastern Asia",2017-04-15,0.729589861434611
201704,"Southern Asia",2017-04-15,0.882974169394468
201704,"Western Asia",2017-04-15,0.671110966564601
201705,"Africa",2017-05-15,0.705629718795739
201705,"Europe",2017-05-15,0.717280278237955
201705,"Japan/Korea",2017-05-15,0.738486596445075
201705,"North America",2017-05-15,0.817323006423574
201705,"Oceania",2017-05-15,0.767609175086907
201705,"Russia",2017-05-15,0.676123157213947
201705,"South America",2017-05-15,0.816538946023021
201705,"South-eastern Asia",2017-05-15,0.727996845636925
201705,"Southern Asia",2017-05-15,0.909484308881022
201705,"Western Asia",2017-05-15,0.70572077573886
201706,"Africa",2017-06-15,0.704517162934039
201706,"Europe",2017-06-15,0.764199344102821
201706,"Japan/Korea",2017-06-15,0.727412116655907
201706,"North America",2017-06-15,0.873938400219681
201706,"Oceania",2017-06-15,0.774333292329551
201706,"Russia",2017-06-15,0.790273180916624
201706,"South America",2017-06-15,0.827109145278307
201706,"South-eastern Asia",2017-06-15,0.707949779970687
201706,"Southern Asia",2017-06-15,0.870089654063957
201706,"Western Asia",2017-06-15,0.706562054804595
201707,"Africa",2017-07-15,0.820212972716194
201707,"Europe",2017-07-15,0.876392867790539
201707,"Japan/Korea",2017-07-15,0.789502207350257
201707,"North America",2017-07-15,0.948921824776057
201707,"Oceania",2017-07-15,0.845291721789083
201707,"Russia",2017-07-15,0.855028378451891
201707,"South America",2017-07-15,0.899670262792381
201707,"South-eastern Asia",2017-07-15,0.769635653669489
201707,"Southern Asia",2017-07-15,0.907358239122904
201707,"Western Asia",2017-07-15,0.775311973554603
201708,"Africa",2017-08-15,0.844350791427508
201708,"Europe",2017-08-15,0.887071769871899
201708,"Japan/Korea",2017-08-15,0.822496403371407
201708,"North America",2017-08-15,0.924192418312181
201708,"Oceania",2017-08-15,0.820341548931726
201708,"Russia",2017-08-15,0.858731004397732
201708,"South America",2017-08-15,0.876932894484094
201708,"South-eastern Asia",2017-08-15,0.781052935939489
201708,"Southern Asia",2017-08-15,0.909071178339876
201708,"Western Asia",2017-08-15,0.800748561054034
201709,"Africa",2017-09-15,0.772703362231535
201709,"Europe",2017-09-15,0.811775623124157
201709,"Japan/Korea",2017-09-15,0.759596780128538
201709,"North America",2017-09-15,0.804701896783228
201709,"Oceania",2017-09-15,0.797006371685957
201709,"Russia",2017-09-15,0.791682216601891
201709,"South America",2017-09-15,0.827691876486842
201709,"South-eastern Asia",2017-09-15,0.712665267304616
201709,"Southern Asia",2017-09-15,0.890238214753992
201709,"Western Asia",2017-09-15,0.743235142919367
201710,"Africa",2017-10-15,0.712997715780343
201710,"Europe",2017-10-15,0.768800382127802
201710,"Japan/Korea",2017-10-15,0.801396078782081
201710,"North America",2017-10-15,0.781032247399956
201710,"Oceania",2017-10-15,0.842223733240962
201710,"Russia",2017-10-15,0.685351917844533
201710,"South America",2017-10-15,0.834145555358541
201710,"South-eastern Asia",2017-10-15,0.753454600722399
201710,"Southern Asia",2017-10-15,0.914444296267121
201710,"Western Asia",2017-10-15,0.701294161351482
201711,"Africa",2017-11-15,0.681400515456824
201711,"Europe",2017-11-15,0.640022175089653
201711,"Japan/Korea",2017-11-15,0.763057632693315
201711,"North America",2017-11-15,0.72050346850316
201711,"Oceania",2017-11-15,0.822083580802482
201711,"Russia",2017-11-15,0.568316125505895
201711,"South America",2017-11-15,0.801562707788466
201711,"South-eastern Asia",2017-11-15,0.770715561375823
201711,"Southern Asia",2017-11-15,0.931151716375831
201711,"Western Asia",2017-11-15,0.62851506986948
201712,"Africa",2017-12-15,0.731669387248746
201712,"Europe",2017-12-15,0.657379406428454
201712,"Japan/Korea",2017-12-15,0.795533954564947
201712,"North America",2017-12-15,0.814988123274641
201712,"Oceania",2017-12-15,0.948907777461655
201712,"Russia",2017-12-15,0.580893483015671
201712,"South America",2017-12-15,0.892413596938399
201712,"South-eastern Asia",2017-12-15,0.838579361312843
201712,"Southern Asia",2017-12-15,0.9891398769492
201712,"Western Asia",2017-12-15,0.65935069921848
201801,"Africa",2018-01-15,0.723379029277437
201801,"Europe",2018-01-15,0.643752455246982
201801,"Japan/Korea",2018-01-15,0.808584833390625
201801,"North America",2018-01-15,0.801900019296884
201801,"Oceania",2018-01-15,0.960655486972746
201801,"Russia",2018-01-15,0.585000910977233
201801,"South America",2018-01-15,0.925494444198177
201801,"South-eastern Asia",2018-01-15,0.848853120062945
201801,"Southern Asia",2018-01-15,0.979476727277741
201801,"Western Asia",2018-01-15,0.641164436064422
201802,"Africa",2018-02-15,0.637087683797704
201802,"Europe",2018-02-15,0.585520375590437
201802,"Japan/Korea",2018-02-15,0.753355585386431
201802,"North America",2018-02-15,0.706550745471087
201802,"Oceania",2018-02-15,0.830534636498951
201802,"Russia",2018-02-15,0.5149256064043
201802,"South America",2018-02-15,0.79808871551635
201802,"South-eastern Asia",2018-02-15,0.806886085654874
201802,"Southern Asia",2018-02-15,0.875730227967011
201802,"Western Asia",2018-02-15,0.573176234550845
201803,"Africa",2018-03-15,0.739418566049452
201803,"Europe",2018-03-15,0.699986834474346
201803,"Japan/Korea",2018-03-15,0.832292849563886
201803,"North America",2018-03-15,0.846703718986368
201803,"Oceania",2018-03-15,0.862579469984602
201803,"Russia",2018-03-15,0.606282893401848
201803,"South America",2018-03-15,0.869054017613074
201803,"South-eastern Asia",2018-03-15,0.867834718422248
201803,"Southern Asia",2018-03-15,0.974978498792027
201803,"Western Asia",2018-03-15,0.67780201534891
201804,"Africa",2018-04-15,0.753744665806021
201804,"Europe",2018-04-15,0.7406959787623
201804,"Japan/Korea",2018-04-15,0.810530490684786
201804,"North America",2018-04-15,0.825812130333963
201804,"Oceania",2018-04-15,0.827489288076226
201804,"Russia",2018-04-15,0.655240795891881
201804,"South America",2018-04-15,0.83538443636686
201804,"South-eastern Asia",2018-04-15,0.825214297757244
201804,"Southern Asia",2018-04-15,0.932565096479402
201804,"Western Asia",2018-04-15,0.71441566177366
201805,"Africa",2018-05-15,0.747105567660416
201805,"Europe",2018-05-15,0.777156152213935
201805,"Japan/Korea",2018-05-15,0.822202881836505
201805,"North America",2018-05-15,0.862924478883414
201805,"Oceania",2018-05-15,0.798702620192023
201805,"Russia",2018-05-15,0.761080980263311
201805,"South America",2018-05-15,0.873630212258227
201805,"South-eastern Asia",2018-05-15,0.80829098597932
201805,"Southern Asia",2018-05-15,0.936716821591497
201805,"Western Asia",2018-05-15,0.752951516482
201806,"Africa",2018-06-15,0.769631729851596
201806,"Europe",2018-06-15,0.837030934330519
201806,"Japan/Korea",2018-06-15,0.819176062305749
201806,"North America",2018-06-15,0.922970415118522
201806,"Oceania",2018-06-15,0.818259663623079
201806,"Russia",2018-06-15,0.930404447986654
201806,"South America",2018-06-15,0.879832236210234
201806,"South-eastern Asia",2018-06-15,0.803411357580418
201806,"Southern Asia",2018-06-15,0.905938859416571
201806,"Western Asia",2018-06-15,0.759929116473695
201807,"Africa",2018-07-15,0.857185034663288
201807,"Europe",2018-07-15,0.95205429897225
201807,"Japan/Korea",2018-07-15,0.867900637099321
201807,"North America",2018-07-15,0.995606118497921
201807,"Oceania",2018-07-15,0.901641736115251
201807,"Russia",2018-07-15,0.957434480876818
201807,"South America",2018-07-15,0.949956918524757
201807,"South-eastern Asia",2018-07-15,0.854585178061833
201807,"Southern Asia",2018-07-15,0.94623324413573
201807,"Western Asia",2018-07-15,0.823955625813734
201808,"Africa",2018-08-15,0.894947182556486
201808,"Europe",2018-08-15,0.962037111956044
201808,"Japan/Korea",2018-08-15,0.900786771238274
201808,"North America",2018-08-15,0.94827903799255
201808,"Oceania",2018-08-15,0.876587167124123
201808,"Russia",2018-08-15,0.909684249246825
201808,"South America",2018-08-15,0.914142498559333
201808,"South-eastern Asia",2018-08-15,0.862236359565276
201808,"Southern Asia",2018-08-15,0.950751681809699
201808,"Western Asia",2018-08-15,0.856916777913122
201809,"Africa",2018-09-15,0.792594320470147
201809,"Europe",2018-09-15,0.884009219201003
201809,"Japan/Korea",2018-09-15,0.834225542537411
201809,"North America",2018-09-15,0.848159152945139
201809,"Oceania",2018-09-15,0.853119922480211
201809,"Russia",2018-09-15,0.851850060918904
201809,"South America",2018-09-15,0.880905579074132
201809,"South-eastern Asia",2018-09-15,0.78948713276782
201809,"Southern Asia",2018-09-15,0.917186535754633
201809,"Western Asia",2018-09-15,0.765227098262948
201810,"Africa",2018-10-15,0.75383575340883
201810,"Europe",2018-10-15,0.841039954698179
201810,"Japan/Korea",2018-10-15,0.870446068891934
201810,"North America",2018-10-15,0.827377572912363
201810,"Oceania",2018-10-15,0.875769355483426
201810,"Russia",2018-10-15,0.741680014713793
201810,"South America",2018-10-15,0.894321325930523
201810,"South-eastern Asia",2018-10-15,0.829131381541445
201810,"Southern Asia",2018-10-15,0.925080749916663
201810,"Western Asia",2018-10-15,0.747856389795635
201811,"Africa",2018-11-15,0.713209296440346
201811,"Europe",2018-11-15,0.693922561194122
201811,"Japan/Korea",2018-11-15,0.823816978571142
201811,"North America",2018-11-15,0.758659504463627
201811,"Oceania",2018-11-15,0.839658103919685
201811,"Russia",2018-11-15,0.630510915752307
201811,"South America",2018-11-15,0.878356707226975
201811,"South-eastern Asia",2018-11-15,0.828765130639338
201811,"Southern Asia",2018-11-15,0.919084515351563
201811,"Western Asia",2018-11-15,0.648884919372217
201812,"Africa",2018-12-15,0.766007235325911
201812,"Europe",2018-12-15,0.712721276799689
201812,"Japan/Korea",2018-12-15,0.861080239984325
201812,"North America",2018-12-15,0.84542283793995
201812,"Oceania",2018-12-15,0.967724740349206
201812,"Russia",2018-12-15,0.66517191565128
201812,"South America",2018-12-15,0.973915159507661
201812,"South-eastern Asia",2018-12-15,0.908918992816152
201812,"Southern Asia",2018-12-15,0.967036919345024
201812,"Western Asia",2018-12-15,0.668528606405196
201901,"Africa",2019-01-15,0.763942417981802
201901,"Europe",2019-01-15,0.696514951462827
201901,"Japan/Korea",2019-01-15,0.871090636282646
201901,"North America",2019-01-15,0.831130039971864
201901,"Oceania",2019-01-15,0.972639156901855
201901,"Russia",2019-01-15,0.68466320178707
201901,"South America",2019-01-15,1
201901,"South-eastern Asia",2019-01-15,0.931342312622715
201901,"Southern Asia",2019-01-15,0.976692595827076
201901,"Western Asia",2019-01-15,0.656758738353345
201902,"Africa",2019-02-15,0.673615693681105
201902,"Europe",2019-02-15,0.634522421849877
201902,"Japan/Korea",2019-02-15,0.817651396094308
201902,"North America",2019-02-15,0.732126753480954
201902,"Oceania",2019-02-15,0.88750348091928
201902,"Russia",2019-02-15,0.57998388736004
201902,"South America",2019-02-15,0.857318817692865
201902,"South-eastern Asia",2019-02-15,0.873230186879955
201902,"Southern Asia",2019-02-15,0.883504344817591
201902,"Western Asia",2019-02-15,0.594802490285257
201903,"Africa",2019-03-15,0.765120220289427
201903,"Europe",2019-03-15,0.731568982412329
201903,"Japan/Korea",2019-03-15,0.897278719230699
201903,"North America",2019-03-15,0.864854698534548
201903,"Oceania",2019-03-15,0.890472356029556
201903,"Russia",2019-03-15,0.695924434654437
201903,"South America",2019-03-15,0.928617504839162
201903,"South-eastern Asia",2019-03-15,0.930188140005192
201903,"Southern Asia",2019-03-15,0.956233424123813
201903,"Western Asia",2019-03-15,0.684146841553857
201904,"Africa",2019-04-15,0.781227775738758
201904,"Europe",2019-04-15,0.786696733409541
201904,"Japan/Korea",2019-04-15,0.885699019090001
201904,"North America",2019-04-15,0.851851989577823
201904,"Oceania",2019-04-15,0.828038185338607
201904,"Russia",2019-04-15,0.726137965990759
201904,"South America",2019-04-15,0.867101729538839
201904,"South-eastern Asia",2019-04-15,0.86749495087811
201904,"Southern Asia",2019-04-15,0.877066981565115
201904,"Western Asia",2019-04-15,0.712565068323721
201905,"Africa",2019-05-15,0.742727917271071
201905,"Europe",2019-05-15,0.807452865579236
201905,"Japan/Korea",2019-05-15,0.911614696043351
201905,"North America",2019-05-15,0.891602907043071
201905,"Oceania",2019-05-15,0.81150611421742
201905,"Russia",2019-05-15,0.857817954799987
201905,"South America",2019-05-15,0.902626169156434
201905,"South-eastern Asia",2019-05-15,0.859400075558414
201905,"Southern Asia",2019-05-15,0.880049836700286
201905,"Western Asia",2019-05-15,0.737015493380038
201906,"Africa",2019-06-15,0.824105878645373
201906,"Europe",2019-06-15,0.888788804970236
201906,"Japan/Korea",2019-06-15,0.898052541674469
201906,"North America",2019-06-15,0.948400423761171
201906,"Oceania",2019-06-15,0.811698052169389
201906,"Russia",2019-06-15,0.962602959855694
201906,"South America",2019-06-15,0.902802096724146
201906,"South-eastern Asia",2019-06-15,0.849806911230906
201906,"Southern Asia",2019-06-15,0.86890489040252
201906,"Western Asia",2019-06-15,0.791840667973924
201907,"Africa",2019-07-15,0.902097460368725
201907,"Europe",2019-07-15,0.983073478459453
201907,"Japan/Korea",2019-07-15,0.945901364964413
201907,"North America",2019-07-15,1
201907,"Oceania",2019-07-15,0.861962149232135
201907,"Russia",2019-07-15,1
201907,"South America",2019-07-15,0.970741306130591
201907,"South-eastern Asia",2019-07-15,0.891879656053103
201907,"Southern Asia",2019-07-15,0.881677413148119
201907,"Western Asia",2019-07-15,0.841894980865885
201908,"Africa",2019-08-15,0.957734560230539
201908,"Europe",2019-08-15,1
201908,"Japan/Korea",2019-08-15,0.994225753692813
201908,"North America",2019-08-15,0.982862781976772
201908,"Oceania",2019-08-15,0.863895615940963
201908,"Russia",2019-08-15,0.995338041632091
201908,"South America",2019-08-15,0.95702218811413
201908,"South-eastern Asia",2019-08-15,0.912669036304614
201908,"Southern Asia",2019-08-15,0.909656718518321
201908,"Western Asia",2019-08-15,0.882613595067865
201909,"Africa",2019-09-15,0.826256932187359
201909,"Europe",2019-09-15,0.911999063529437
201909,"Japan/Korea",2019-09-15,0.928247065483327
201909,"North America",2019-09-15,0.852524702247394
201909,"Oceania",2019-09-15,0.837835573825298
201909,"Russia",2019-09-15,0.949403374674142
201909,"South America",2019-09-15,0.900982100639804
201909,"South-eastern Asia",2019-09-15,0.842205016650505
201909,"Southern Asia",2019-09-15,0.89405406736754
201909,"Western Asia",2019-09-15,0.798530706157631
201910,"Africa",2019-10-15,0.738903327043998
201910,"Europe",2019-10-15,0.791852895737542
201910,"Japan/Korea",2019-10-15,0.94282959728007
201910,"North America",2019-10-15,0.761532832216403
201910,"Oceania",2019-10-15,0.781556247001756
201910,"Russia",2019-10-15,0.799291596472489
201910,"South America",2019-10-15,0.837853655968793
201910,"South-eastern Asia",2019-10-15,0.866044276160205
201910,"Southern Asia",2019-10-15,0.89788855032651
201910,"Western Asia",2019-10-15,0.741313393999688
201911,"Africa",2019-11-15,0.742220301901939
201911,"Europe",2019-11-15,0.700247846336076
201911,"Japan/Korea",2019-11-15,0.933355318336953
201911,"North America",2019-11-15,0.744590353797903
201911,"Oceania",2019-11-15,0.844968974223714
201911,"Russia",2019-11-15,0.642071605400929
201911,"South America",2019-11-15,0.871304135821623
201911,"South-eastern Asia",2019-11-15,0.890378523568962
201911,"Southern Asia",2019-11-15,0.925108327038136
201911,"Western Asia",2019-11-15,0.663961886025107
201912,"Africa",2019-12-15,0.79571347681677
201912,"Europe",2019-12-15,0.715806670318457
201912,"Japan/Korea",2019-12-15,0.979646482383895
201912,"North America",2019-12-15,0.838455108891047
201912,"Oceania",2019-12-15,0.955490268142098
201912,"Russia",2019-12-15,0.646977412082062
201912,"South America",2019-12-15,0.966283550910945
201912,"South-eastern Asia",2019-12-15,0.965287900305713
201912,"Southern Asia",2019-12-15,0.964310889310592
201912,"Western Asia",2019-12-15,0.6877260213991
202001,"Africa",2020-01-15,0.815535426295427
202001,"Europe",2020-01-15,0.702780787734029
202001,"Japan/Korea",2020-01-15,1
202001,"North America",2020-01-15,0.812538450447359
202001,"Oceania",2020-01-15,1
202001,"Russia",2020-01-15,0.659923996003789
202001,"South America",2020-01-15,0.99006009242431
202001,"South-eastern Asia",2020-01-15,1
202001,"Southern Asia",2020-01-15,0.973881939816827
202001,"Western Asia",2020-01-15,0.676085785842799
202002,"Africa",2020-02-15,0.702044827575623
202002,"Europe",2020-02-15,0.617558116227628
202002,"Japan/Korea",2020-02-15,0.684981680716264
202002,"North America",2020-02-15,0.699483986529987
202002,"Oceania",2020-02-15,0.737346371026878
202002,"Russia",2020-02-15,0.536578714909028
202002,"South America",2020-02-15,0.877044407627407
202002,"South-eastern Asia",2020-02-15,0.658326769177519
202002,"Southern Asia",2020-02-15,0.838268813570133
202002,"Western Asia",2020-02-15,0.584363169800241
202003,"Africa",2020-03-15,0.46029159715874
202003,"Europe",2020-03-15,0.410407649727828
202003,"Japan/Korea",2020-03-15,0.291916831476563
202003,"North America",2020-03-15,0.526745884382756
202003,"Oceania",2020-03-15,0.501693858715052
202003,"Russia",2020-03-15,0.371814623472818
202003,"South America",2020-03-15,0.636879266589831
202003,"South-eastern Asia",2020-03-15,0.352674361968515
202003,"Southern Asia",2020-03-15,0.551865671209769
202003,"Western Asia",2020-03-15,0.384808918164457
202004,"Africa",2020-04-15,0.0544260307775109
202004,"Europe",2020-04-15,0.0356454164776984
202004,"Japan/Korea",2020-04-15,0.0578926007731393
202004,"North America",2020-04-15,0.0382374467658993
202004,"Oceania",2020-04-15,0.0395570786490285
202004,"Russia",2020-04-15,0.0459507277887776
202004,"South America",2020-04-15,0.0307545399471017
202004,"South-eastern Asia",2020-04-15,0.0470416918305029
202004,"Southern Asia",2020-04-15,0.0712206528641419
202004,"Western Asia",2020-04-15,0.0546087682556386
202005,"Africa",2020-05-15,0.0754077630597593
202005,"Europe",2020-05-15,0.0428424364141315
202005,"Japan/Korea",2020-05-15,0.0647102808149481
202005,"North America",2020-05-15,0.0313747239325943
202005,"Oceania",2020-05-15,0.0278896158046187
202005,"Russia",2020-05-15,0.0528432419736861
202005,"South America",2020-05-15,0.0303650520117618
202005,"South-eastern Asia",2020-05-15,0.0499201819468022
202005,"Southern Asia",2020-05-15,0.0633865399859315
202005,"Western Asia",2020-05-15,0.0559089518679873
202006,"Africa",2020-06-15,0.0622268918919855
202006,"Europe",2020-06-15,0.0575853540968978
202006,"Japan/Korea",2020-06-15,0.0559174438272289
202006,"North America",2020-06-15,0.0522985847313614
202006,"Oceania",2020-06-15,0.0327534694105492
202006,"Russia",2020-06-15,0.056020177929828
202006,"South America",2020-06-15,0.0409897380203023
202006,"South-eastern Asia",2020-06-15,0.050251642079703
202006,"Southern Asia",2020-06-15,0.0911251244522863
202006,"Western Asia",2020-06-15,0.0881920828354403
202007,"Africa",2020-07-15,0.145911250774368
202007,"Europe",2020-07-15,0.139075044530623
202007,"Japan/Korea",2020-07-15,0.0828059882429914
202007,"North America",2020-07-15,0.113808011894566
202007,"Oceania",2020-07-15,0.0461586876575847
202007,"Russia",2020-07-15,0.150045289815965
202007,"South America",2020-07-15,0.0659714526353118
202007,"South-eastern Asia",2020-07-15,0.0716618479964531
202007,"Southern Asia",2020-07-15,0.151703955601255
202007,"Western Asia",2020-07-15,0.174844837206713
202008,"Africa",2020-08-15,0.191835738953623
202008,"Europe",2020-08-15,0.184039682078128
202008,"Japan/Korea",2020-08-15,0.0935150605037857
202008,"North America",2020-08-15,0.143686574331142
202008,"Oceania",2020-08-15,0.0479857457770506
202008,"Russia",2020-08-15,0.202522241228498
202008,"South America",2020-08-15,0.084056206318247
202008,"South-eastern Asia",2020-08-15,0.0752716690737716
202008,"Southern Asia",2020-08-15,0.179692418259886
202008,"Western Asia",2020-08-15,0.222618637964875
202009,"Africa",2020-09-15,0.172627343686495
202009,"Europe",2020-09-15,0.161039434053646
202009,"Japan/Korea",2020-09-15,0.087093995516674
202009,"North America",2020-09-15,0.130318114382314
202009,"Oceania",2020-09-15,0.0441090016383904
202009,"Russia",2020-09-15,0.200326224832635
202009,"South America",2020-09-15,0.0936454131388803
202009,"South-eastern Asia",2020-09-15,0.0703668396689703
202009,"Southern Asia",2020-09-15,0.183919822571748
202009,"Western Asia",2020-09-15,0.210829752247128
202010,"Africa",2020-10-15,0.189170931530142
202010,"Europe",2020-10-15,0.140086364928833
202010,"Japan/Korea",2020-10-15,0.0828770979298386
202010,"North America",2020-10-15,0.151877546107446
202010,"Oceania",2020-10-15,0.0326312127334103
202010,"Russia",2020-10-15,0.15082553533944
202010,"South America",2020-10-15,0.12434338844807
202010,"South-eastern Asia",2020-10-15,0.0672788801297428
202010,"Southern Asia",2020-10-15,0.187868508495595
202010,"Western Asia",2020-10-15,0.207331833877657
202011,"Africa",2020-11-15,0.161579209531882
202011,"Europe",2020-11-15,0.096244474904129
202011,"Japan/Korea",2020-11-15,0.0696711130404918
202011,"North America",2020-11-15,0.165830623292017
202011,"Oceania",2020-11-15,0.039455198084746
202011,"Russia",2020-11-15,0.0928359196164052
202011,"South America",2020-11-15,0.162002739113731
202011,"South-eastern Asia",2020-11-15,0.0620878074411211
202011,"Southern Asia",2020-11-15,0.185406671495119
202011,"Western Asia",2020-11-15,0.159200831742671
202012,"Africa",2020-12-15,0.214032896683787
202012,"Europe",2020-12-15,0.129129268566839
202012,"Japan/Korea",2020-12-15,0.0722729046940777
202012,"North America",2020-12-15,0.219790714466806
202012,"Oceania",2020-12-15,0.0596139657374405
202012,"Russia",2020-12-15,0.116375053212296
202012,"South America",2020-12-15,0.255594819879723
202012,"South-eastern Asia",2020-12-15,0.0693594127318158
202012,"Southern Asia",2020-12-15,0.225577169680029
202012,"Western Asia",2020-12-15,0.18676119640963
202101,"Africa",2021-01-15,0.224460348031869
202101,"Europe",2021-01-15,0.120231246625292
202101,"Japan/Korea",2021-01-15,0.0644596890364078
202101,"North America",2021-01-15,0.204406152886128
202101,"Oceania",2021-01-15,0.0483117635827546
202101,"Russia",2021-01-15,0.129012854709062
202101,"South America",2021-01-15,0.264082055203393
202101,"South-eastern Asia",2021-01-15,0.0608321059923086
202101,"Southern Asia",2021-01-15,0.242127547555009
202101,"Western Asia",2021-01-15,0.189634196115224
202102,"Africa",2021-02-15,0.175324625820543
202102,"Europe",2021-02-15,0.0907508705567357
202102,"Japan/Korea",2021-02-15,0.0496685636495354
202102,"North America",2021-02-15,0.149970479175855
202102,"Oceania",2021-02-15,0.0413536983776841
202102,"Russia",2021-02-15,0.114645319001776
202102,"South America",2021-02-15,0.18380759896272
202102,"South-eastern Asia",2021-02-15,0.0489387923321145
202102,"Southern Asia",2021-02-15,0.232391244832316
202102,"Western Asia",2021-02-15,0.160714252082285
202103,"Africa",2021-03-15,0.194559159269347
202103,"Europe",2021-03-15,0.109117841970937
202103,"Japan/Korea",2021-03-15,0.0619352951533314
202103,"North America",2021-03-15,0.214271779017341
202103,"Oceania",2021-03-15,0.0477470182325961
202103,"Russia",2021-03-15,0.163504093353147
202103,"South America",2021-03-15,0.209424915407007
202103,"South-eastern Asia",2021-03-15,0.0627415839791184
202103,"Southern Asia",2021-03-15,0.278874588198318
202103,"Western Asia",2021-03-15,0.197415774823118
202104,"Africa",2021-04-15,0.189356076983678
202104,"Europe",2021-04-15,0.118188406430063
202104,"Japan/Korea",2021-04-15,0.0608775773768102
202104,"North America",2021-04-15,0.244134404591516
202104,"Oceania",2021-04-15,0.054151909707155
202104,"Russia",2021-04-15,0.190087531528015
202104,"South America",2021-04-15,0.214568372563796
202104,"South-eastern Asia",2021-04-15,0.059835551170531
202104,"Southern Asia",2021-04-15,0.265398217318032
202104,"Western Asia",2021-04-15,0.207851098842114
202105,"Africa",2021-05-15,0.194451933319518
202105,"Europe",2021-05-15,0.137672005207825
202105,"Japan/Korea",2021-05-15,0.0599870760473075
202105,"North America",2021-05-15,0.300629475076496
202105,"Oceania",2021-05-15,0.0558187260502062
202105,"Russia",2021-05-15,0.246667420777361
202105,"South America",2021-05-15,0.269722357669518
202105,"South-eastern Asia",2021-05-15,0.0559351937176792
202105,"Southern Asia",2021-05-15,0.184157806814686
202105,"Western Asia",2021-05-15,0.198324718192873
202106,"Africa",2021-06-15,0.290215399408742
202106,"Europe",2021-06-15,0.211373203977494
202106,"Japan/Korea",2021-06-15,0.0631481966241841
202106,"North America",2021-06-15,0.372351287935321
202106,"Oceania",2021-06-15,0.0613416588621123
202106,"Russia",2021-06-15,0.368734570592964
202106,"South America",2021-06-15,0.340939545562008
202106,"South-eastern Asia",2021-06-15,0.0542087017958281
202106,"Southern Asia",2021-06-15,0.182325507079584
202106,"Western Asia",2021-06-15,0.259684160668408
202107,"Africa",2021-07-15,0.450494630435319
202107,"Europe",2021-07-15,0.338447621895758
202107,"Japan/Korea",2021-07-15,0.0760190499435315
202107,"North America",2021-07-15,0.457702216981355
202107,"Oceania",2021-07-15,0.0698860421866034
202107,"Russia",2021-07-15,0.456695941704365
202107,"South America",2021-07-15,0.421000210558979
202107,"South-eastern Asia",2021-07-15,0.0603270265400045
202107,"Southern Asia",2021-07-15,0.229753629996498
202107,"Western Asia",2021-07-15,0.389710239216972
202108,"Africa",2021-08-15,0.49110841434602
202108,"Europe",2021-08-15,0.388011860811143
202108,"Japan/Korea",2021-08-15,0.0734544433772816
202108,"North America",2021-08-15,0.456184939142656
202108,"Oceania",2021-08-15,0.0647950326558653
202108,"Russia",2021-08-15,0.515812751436192
202108,"South America",2021-08-15,0.437240264417749
202108,"South-eastern Asia",2021-08-15,0.0575049041603515
202108,"Southern Asia",2021-08-15,0.299365863039174
202108,"Western Asia",2021-08-15,0.444450109932674
202109,"Africa",2021-09-15,0.430859608558948
202109,"Europe",2021-09-15,0.347316048701067
202109,"Japan/Korea",2021-09-15,0.0656815180334476
202109,"North America",2021-09-15,0.372979864349854
202109,"Oceania",2021-09-15,0.0575031513796767
202109,"Russia",2021-09-15,0.484006607391263
202109,"South America",2021-09-15,0.402598464027661
202109,"South-eastern Asia",2021-09-15,0.0586043816743637
202109,"Southern Asia",2021-09-15,0.327931550637331
202109,"Western Asia",2021-09-15,0.414536653634053
202110,"Africa",2021-10-15,0.444687597739721
202110,"Europe",2021-10-15,0.360793587544252
202110,"Japan/Korea",2021-10-15,0.0661488546216794
202110,"North America",2021-10-15,0.402530171690032
202110,"Oceania",2021-10-15,0.0595390017666845
202110,"Russia",2021-10-15,0.433932390810096
202110,"South America",2021-10-15,0.466419767794081
202110,"South-eastern Asia",2021-10-15,0.0639966721291148
202110,"Southern Asia",2021-10-15,0.40334960979952
202110,"Western Asia",2021-10-15,0.466800415062855
202111,"Africa",2021-11-15,0.459301514519512
202111,"Europe",2021-11-15,0.343442275232698
202111,"Japan/Korea",2021-11-15,0.0730244471377109
202111,"North America",2021-11-15,0.447464553651204
202111,"Oceania",2021-11-15,0.0801010152083785
202111,"Russia",2021-11-15,0.359485431703907
202111,"South America",2021-11-15,0.534942862789426
202111,"South-eastern Asia",2021-11-15,0.0768102685401347
202111,"Southern Asia",2021-11-15,0.443680728928579
202111,"Western Asia",2021-11-15,0.437642061160354
202112,"Africa",2021-12-15,0.422587369099937
202112,"Europe",2021-12-15,0.361276275596345
202112,"Japan/Korea",2021-12-15,0.0861493856154109
202112,"North America",2021-12-15,0.546876133703015
202112,"Oceania",2021-12-15,0.134435806817344
202112,"Russia",2021-12-15,0.374860655022852
202112,"South America",2021-12-15,0.64512454378888
202112,"South-eastern Asia",2021-12-15,0.107508885027213
202112,"Southern Asia",2021-12-15,0.540110554785373
202112,"Western Asia",2021-12-15,0.477941735475935
202201,"Africa",2022-01-15,0.363302309753888
202201,"Europe",2022-01-15,0.319589658551431
202201,"Japan/Korea",2022-01-15,0.0816298060754999
202201,"North America",2022-01-15,0.468374425426308
202201,"Oceania",2022-01-15,0.149456775346815
202201,"Russia",2022-01-15,0.373446438424415
202201,"South America",2022-01-15,0.625690550334678
202201,"South-eastern Asia",2022-01-15,0.105226019570254
202201,"Southern Asia",2022-01-15,0.532386855649242
202201,"Western Asia",2022-01-15,0.429025818227036
202202,"Africa",2022-02-15,0.405140825889314
202202,"Europe",2022-02-15,0.302105541657654
202202,"Japan/Korea",2022-02-15,0.0714691168145841
202202,"North America",2022-02-15,0.410496079553984
202202,"Oceania",2022-02-15,0.135116519920921
202202,"Russia",2022-02-15,0.318672960900512
202202,"South America",2022-02-15,0.554716474947176
202202,"South-eastern Asia",2022-02-15,0.100422886260055
202202,"Southern Asia",2022-02-15,0.50259030217894
202202,"Western Asia",2022-02-15,0.41545308463555
202203,"Africa",2022-03-15,0.541434908947545
202203,"Europe",2022-03-15,0.381430132377033
202203,"Japan/Korea",2022-03-15,0.0901774854310536
202203,"North America",2022-03-15,0.551705489970202
202203,"Oceania",2022-03-15,0.193210075459538
202203,"Russia",2022-03-15,0.227376290587058
202203,"South America",2022-03-15,0.658542368529929
202203,"South-eastern Asia",2022-03-15,0.137606134147854
202203,"Southern Asia",2022-03-15,0.633748460233528
202203,"Western Asia",2022-03-15,0.535563379747922
202204,"Africa",2022-04-15,0.564263244360217
202204,"Europe",2022-04-15,0.478989838122075
202204,"Japan/Korea",2022-04-15,0.113671784390461
202204,"North America",2022-04-15,0.614697488027321
202204,"Oceania",2022-04-15,0.267630431649084
202204,"Russia",2022-04-15,0.216884596022613
202204,"South America",2022-04-15,0.660006353709532
202204,"South-eastern Asia",2022-04-15,0.181474617903687
202204,"Southern Asia",2022-04-15,0.653433367411779
202204,"Western Asia",2022-04-15,0.575534103567177
202205,"Africa",2022-05-15,0.634579507447748
202205,"Europe",2022-05-15,0.552434248801885
202205,"Japan/Korea",2022-05-15,0.131294876345223
202205,"North America",2022-05-15,0.685153427051823
202205,"Oceania",2022-05-15,0.308072236087203
202205,"Russia",2022-05-15,0.28964672216576
202205,"South America",2022-05-15,0.731643505179012
202205,"South-eastern Asia",2022-05-15,0.214248860602308
202205,"Southern Asia",2022-05-15,0.710243605975983
202205,"Western Asia",2022-05-15,0.64559366882609
202206,"Africa",2022-06-15,0.682537526359713
202206,"Europe",2022-06-15,0.615987735085948
202206,"Japan/Korea",2022-06-15,0.157180044448212
202206,"North America",2022-06-15,0.756149404366408
202206,"Oceania",2022-06-15,0.353783907046689
202206,"Russia",2022-06-15,0.369746575632266
202206,"South America",2022-06-15,0.719538210913604
202206,"South-eastern Asia",2022-06-15,0.246274488464184
202206,"Southern Asia",2022-06-15,0.742347164592997
202206,"Western Asia",2022-06-15,0.704252970235561
202207,"Africa",2022-07-15,0.84298665556718
202207,"Europe",2022-07-15,0.736207172389887
202207,"Japan/Korea",2022-07-15,0.219162306152354
202207,"North America",2022-07-15,0.84531898271997
202207,"Oceania",2022-07-15,0.432282252933972
202207,"Russia",2022-07-15,0.435760907765066
202207,"South America",2022-07-15,0.823393887509789
202207,"South-eastern Asia",2022-07-15,0.313409354881011
202207,"Southern Asia",2022-07-15,0.811646365730101
202207,"Western Asia",2022-07-15,0.820063251654296
202208,"Africa",2022-08-15,0.853711824764878
202208,"Europe",2022-08-15,0.732475369376033
202208,"Japan/Korea",2022-08-15,0.243835426721778
202208,"North America",2022-08-15,0.806605245113592
202208,"Oceania",2022-08-15,0.424026405429806
202208,"Russia",2022-08-15,0.438453946431085
202208,"South America",2022-08-15,0.82251032477799
202208,"South-eastern Asia",2022-08-15,0.337173234390765
202208,"Southern Asia",2022-08-15,0.812156752989723
202208,"Western Asia",2022-08-15,0.82244261890164
202209,"Africa",2022-09-15,0.758837155860888
202209,"Europe",2022-09-15,0.68177536682453
202209,"Japan/Korea",2022-09-15,0.223179770567235
202209,"North America",2022-09-15,0.715633074815291
202209,"Oceania",2022-09-15,0.422844087770232
202209,"Russia",2022-09-15,0.420392246936137
202209,"South America",2022-09-15,0.778756076658244
202209,"South-eastern Asia",2022-09-15,0.324980798171611
202209,"Southern Asia",2022-09-15,0.790384405074653
202209,"Western Asia",2022-09-15,0.794223756068944
202210,"Africa",2022-10-15,0.738475215310796
202210,"Europe",2022-10-15,0.659786008201128
202210,"Japan/Korea",2022-10-15,0.263714388098039
202210,"North America",2022-10-15,0.695494591449457
202210,"Oceania",2022-10-15,0.453268894505317
202210,"Russia",2022-10-15,0.425749829245737
202210,"South America",2022-10-15,0.801193306071487
202210,"South-eastern Asia",2022-10-15,0.365132914119432
202210,"Southern Asia",2022-10-15,0.797202269449738
202210,"Western Asia",2022-10-15,0.780626216826289
202211,"Africa",2022-11-15,0.70346143781583
202211,"Europe",2022-11-15,0.5434496826367
202211,"Japan/Korea",2022-11-15,0.316250007374913
202211,"North America",2022-11-15,0.657712938948226
202211,"Oceania",2022-11-15,0.502499595622205
202211,"Russia",2022-11-15,0.357670039728969
202211,"South America",2022-11-15,0.808928347148958
202211,"South-eastern Asia",2022-11-15,0.410036255995832
202211,"Southern Asia",2022-11-15,0.803853723790288
202211,"Western Asia",2022-11-15,0.672328280927491
202212,"Africa",2022-12-15,0.778801875256122
202212,"Europe",2022-12-15,0.566496334685477
202212,"Japan/Korea",2022-12-15,0.385063379225476
202212,"North America",2022-12-15,0.752762466953698
202212,"Oceania",2022-12-15,0.604634483979973
202212,"Russia",2022-12-15,0.376255184151241
202212,"South America",2022-12-15,0.885125070186326
202212,"South-eastern Asia",2022-12-15,0.483841137319166
202212,"Southern Asia",2022-12-15,0.867155006263269
202212,"Western Asia",2022-12-15,0.695026692029067
202301,"Africa",2023-01-15,0.743713346521894
202301,"Europe",2023-01-15,0.539176978225106
202301,"Japan/Korea",2023-01-15,0.421657464327934
202301,"North America",2023-01-15,0.719283988646048
202301,"Oceania",2023-01-15,0.624896641538643
202301,"Russia",2023-01-15,0.385803261730235
202301,"South America",2023-01-15,0.890934143061897
202301,"South-eastern Asia",2023-01-15,0.523559037705165
202301,"Southern Asia",2023-01-15,0.880866729981773
202301,"Western Asia",2023-01-15,0.674898927307177
202302,"Africa",2023-02-15,0.689226227645543
202302,"Europe",2023-02-15,0.500124558170476
202302,"Japan/Korea",2023-02-15,0.403871658504579
202302,"North America",2023-02-15,0.633701311059266
202302,"Oceania",2023-02-15,0.557503277158151
202302,"Russia",2023-02-15,0.351441718612517
202302,"South America",2023-02-15,0.762043650353887
202302,"South-eastern Asia",2023-02-15,0.503475675899899
202302,"Southern Asia",2023-02-15,0.804519995465563
202302,"Western Asia",2023-02-15,0.620270636085341
202303,"Africa",2023-03-15,0.790767419984244
202303,"Europe",2023-03-15,0.599809740627077
202303,"Japan/Korea",2023-03-15,0.47215054324385
202303,"North America",2023-03-15,0.787744898112319
202303,"Oceania",2023-03-15,0.618721924672278
202303,"Russia",2023-03-15,0.399141868081862
202303,"South America",2023-03-15,0.8348079388123
202303,"South-eastern Asia",2023-03-15,0.581873886583877
202303,"Southern Asia",2023-03-15,0.902654234788034
202303,"Western Asia",2023-03-15,0.722859275749403
202304,"Africa",2023-04-15,0.791592752872304
202304,"Europe",2023-04-15,0.669646848997225
202304,"Japan/Korea",2023-04-15,0.529800470566024
202304,"North America",2023-04-15,0.789472542534711
202304,"Oceania",2023-04-15,0.640210170799622
202304,"Russia",2023-04-15,0.379106413366065
202304,"South America",2023-04-15,0.80702708268688
202304,"South-eastern Asia",2023-04-15,0.591036347879146
202304,"Southern Asia",2023-04-15,0.860816162803536
202304,"Western Asia",2023-04-15,0.764121455266706
202305,"Africa",2023-05-15,0.821204243454588
202305,"Europe",2023-05-15,0.724350872349684
202305,"Japan/Korea",2023-05-15,0.56478558255757
202305,"North America",2023-05-15,0.84016982674727
202305,"Oceania",2023-05-15,0.636654916441586
202305,"Russia",2023-05-15,0.458862426895156
202305,"South America",2023-05-15,0.878169928483828
202305,"South-eastern Asia",2023-05-15,0.61458718968195
202305,"Southern Asia",2023-05-15,0.873168397587149
202305,"Western Asia",2023-05-15,0.814467142687113
202306,"Africa",2023-06-15,0.861036753154676
202306,"Europe",2023-06-15,0.780057452492048
202306,"Japan/Korea",2023-06-15,0.597037784706573
202306,"North America",2023-06-15,0.917641703829438
202306,"Oceania",2023-06-15,0.662788161629364
202306,"Russia",2023-06-15,0.539544442304919
202306,"South America",2023-06-15,0.905795405012042
202306,"South-eastern Asia",2023-06-15,0.619630234338132
202306,"Southern Asia",2023-06-15,0.890171692842653
202306,"Western Asia",2023-06-15,0.875286694758607
202307,"Africa",2023-07-15,0.992300919380838
202307,"Europe",2023-07-15,0.88256023558418
202307,"Japan/Korea",2023-07-15,0.674437573613276
202307,"North America",2023-07-15,0.980181050725306
202307,"Oceania",2023-07-15,0.729456035769386
202307,"Russia",2023-07-15,0.587795495541392
202307,"South America",2023-07-15,0.957679723170353
202307,"South-eastern Asia",2023-07-15,0.688579517425269
202307,"Southern Asia",2023-07-15,0.957067684676457
202307,"Western Asia",2023-07-15,0.978483440367421
202308,"Africa",2023-08-15,1
202308,"Europe",2023-08-15,0.889113144676887
202308,"Japan/Korea",2023-08-15,0.707337060226178
202308,"North America",2023-08-15,0.93564787927508
202308,"Oceania",2023-08-15,0.713165207762142
202308,"Russia",2023-08-15,0.581628827291669
202308,"South America",2023-08-15,0.940580117691387
202308,"South-eastern Asia",2023-08-15,0.706007518374433
202308,"Southern Asia",2023-08-15,0.967156911400287
202308,"Western Asia",2023-08-15,1
202309,"Africa",2023-09-15,0.892278414802448
202309,"Europe",2023-09-15,0.821271380618277
202309,"Japan/Korea",2023-09-15,0.665375125334705
202309,"North America",2023-09-15,0.818279837934505
202309,"Oceania",2023-09-15,0.717925419905148
202309,"Russia",2023-09-15,0.540787861465836
202309,"South America",2023-09-15,0.880914121488837
202309,"South-eastern Asia",2023-09-15,0.652418861681714
202309,"Southern Asia",2023-09-15,0.92790603653716
202309,"Western Asia",2023-09-15,0.915168899152304
202310,"Africa",2023-10-15,0.891611000095345
202310,"Europe",2023-10-15,0.796931967045615
202310,"Japan/Korea",2023-10-15,0.7195921471306
202310,"North America",2023-10-15,0.812481343357089
202310,"Oceania",2023-10-15,0.735004627390074
202310,"Russia",2023-10-15,0.538535373116414
202310,"South America",2023-10-15,0.937826227891307
202310,"South-eastern Asia",2023-10-15,0.697911918247045
202310,"Southern Asia",2023-10-15,0.95755828377258
202310,"Western Asia",2023-10-15,0.900892787541022
202311,"Africa",2023-11-15,0.84265576994915
202311,"Europe",2023-11-15,0.634204518367029
202311,"Japan/Korea",2023-11-15,0.688345650214245
202311,"North America",2023-11-15,0.754278770873029
202311,"Oceania",2023-11-15,0.718909762245981
202311,"Russia",2023-11-15,0.444750482904282
202311,"South America",2023-11-15,0.904496265348641
202311,"South-eastern Asia",2023-11-15,0.686569904468116
202311,"Southern Asia",2023-11-15,0.929428462052355
202311,"Western Asia",2023-11-15,0.716221375369541
202312,"Africa",2023-12-15,0.911217507591706
202312,"Europe",2023-12-15,0.659954901609677
202312,"Japan/Korea",2023-12-15,0.739540743211121
202312,"North America",2023-12-15,0.855508304234172
202312,"Oceania",2023-12-15,0.854762086242275
202312,"Russia",2023-12-15,0.462111032150157
202312,"South America",2023-12-15,0.988128121444508
202312,"South-eastern Asia",2023-12-15,0.777553006859134
202312,"Southern Asia",2023-12-15,1
202312,"Western Asia",2023-12-15,0.752030813396136
201701,"North China",2017-01-15,0.752503448940575
201701,"South China",2017-01-15,0.779720837384947
201702,"North China",2017-02-15,0.701284103992332
201702,"South China",2017-02-15,0.716386751156173
201703,"North China",2017-03-15,0.690695364921169
201703,"South China",2017-03-15,0.76900849032725
201704,"North China",2017-04-15,0.668583064443041
201704,"South China",2017-04-15,0.75975997780299
201705,"North China",2017-05-15,0.708859785280972
201705,"South China",2017-05-15,0.774914697816103
201706,"North China",2017-06-15,0.71845304285989
201706,"South China",2017-06-15,0.770322760261063
201707,"North China",2017-07-15,0.824511621862807
201707,"South China",2017-07-15,0.84563998540006
201708,"North China",2017-08-15,0.84981512144059
201708,"South China",2017-08-15,0.850098880026365
201709,"North China",2017-09-15,0.779016055735455
201709,"South China",2017-09-15,0.777879830496352
201710,"North China",2017-10-15,0.778485707695753
201710,"South China",2017-10-15,0.829912659056408
201711,"North China",2017-11-15,0.682580464490897
201711,"South China",2017-11-15,0.788847466354668
201712,"North China",2017-12-15,0.730326413394309
201712,"South China",2017-12-15,0.8093123093622
201801,"North China",2018-01-15,0.771952500763634
201801,"South China",2018-01-15,0.806441161800998
201802,"North China",2018-02-15,0.808320182524121
201802,"South China",2018-02-15,0.828178898101653
201803,"North China",2018-03-15,0.794993869349288
201803,"South China",2018-03-15,0.873664145010416
201804,"North China",2018-04-15,0.774984020028551
201804,"South China",2018-04-15,0.856599070569056
201805,"North China",2018-05-15,0.812689559863874
201805,"South China",2018-05-15,0.863632012534441
201806,"North China",2018-06-15,0.829439399105122
201806,"South China",2018-06-15,0.871680964796015
201807,"North China",2018-07-15,0.917860788914287
201807,"South China",2018-07-15,0.9386470650085
201808,"North China",2018-08-15,0.945109936928863
201808,"South China",2018-08-15,0.937507939278801
201809,"North China",2018-09-15,0.869278319074835
201809,"South China",2018-09-15,0.870026406412669
201810,"North China",2018-10-15,0.856589286681887
201810,"South China",2018-10-15,0.9093379831692
201811,"North China",2018-11-15,0.741885938728018
201811,"South China",2018-11-15,0.846020273684377
201812,"North China",2018-12-15,0.77636671313206
201812,"South China",2018-12-15,0.881840560513627
201901,"North China",2019-01-15,0.842959198205832
201901,"South China",2019-01-15,0.901371711725539
201902,"North China",2019-02-15,0.824382391486044
201902,"South China",2019-02-15,0.87485160387381
201903,"North China",2019-03-15,0.795908791645628
201903,"South China",2019-03-15,0.918639973733442
201904,"North China",2019-04-15,0.811247406401483
201904,"South China",2019-04-15,0.905643650602313
201905,"North China",2019-05-15,0.876425789875723
201905,"South China",2019-05-15,0.933272666917245
201906,"North China",2019-06-15,0.883921391487482
201906,"South China",2019-06-15,0.929474566663022
201907,"North China",2019-07-15,0.961023974512605
201907,"South China",2019-07-15,0.977201760833307
201908,"North China",2019-08-15,1
201908,"South China",2019-08-15,1
201909,"North China",2019-09-15,0.923755516266964
201909,"South China",2019-09-15,0.924520674081274
201910,"North China",2019-10-15,0.874795425196711
201910,"South China",2019-10-15,0.916821285593241
201911,"North China",2019-11-15,0.82762705695679
201911,"South China",2019-11-15,0.897513539255671
201912,"North China",2019-12-15,0.868688510676251
201912,"South China",2019-12-15,0.933545781731191
202001,"North China",2020-01-15,0.968470665183994
202001,"South China",2020-01-15,0.998814497650263
202002,"North China",2020-02-15,0.351872018290774
202002,"South China",2020-02-15,0.50056372955561
202003,"North China",2020-03-15,0.147181411157353
202003,"South China",2020-03-15,0.205810236870761
202004,"North China",2020-04-15,0.030963022849561
202004,"South China",2020-04-15,0.0421164927072403
202005,"North China",2020-05-15,0.0436216057845339
202005,"South China",2020-05-15,0.0549627439944632
202006,"North China",2020-06-15,0.0346560386070356
202006,"South China",2020-06-15,0.0407809909770663
202007,"North China",2020-07-15,0.0606632323514222
202007,"South China",2020-07-15,0.0681544286375049
202008,"North China",2020-08-15,0.066666570762862
202008,"South China",2020-08-15,0.0713828935634106
202009,"North China",2020-09-15,0.0642203044658086
202009,"South China",2020-09-15,0.0677062420829131
202010,"North China",2020-10-15,0.0472750612225913
202010,"South China",2020-10-15,0.0594332327757777
202011,"North China",2020-11-15,0.0296258840532592
202011,"South China",2020-11-15,0.0473792245930578
202012,"North China",2020-12-15,0.0316005433909571
202012,"South China",2020-12-15,0.0490821885735689
202101,"North China",2021-01-15,0.0296431467380958
202101,"South China",2021-01-15,0.0467327055243323
202102,"North China",2021-02-15,0.0194715892171516
202102,"South China",2021-02-15,0.0329942840091168
202103,"North China",2021-03-15,0.0279458891553416
202103,"South China",2021-03-15,0.0454198123964271
202104,"North China",2021-04-15,0.0265106887187875
202104,"South China",2021-04-15,0.0466824158769779
202105,"North China",2021-05-15,0.0264560235501383
202105,"South China",2021-05-15,0.0436833702933256
202106,"North China",2021-06-15,0.0246676573529687
202106,"South China",2021-06-15,0.0408760630481454
202107,"North China",2021-07-15,0.0294283222156848
202107,"South China",2021-07-15,0.0437902539098208
202108,"North China",2021-08-15,0.028026927870269
202108,"South China",2021-08-15,0.0453011896979846
202109,"North China",2021-09-15,0.0255001023773115
202109,"South China",2021-09-15,0.0446275692919239
202110,"North China",2021-10-15,0.0248832011539146
202110,"South China",2021-10-15,0.0405227311742263
202111,"North China",2021-11-15,0.0231907387613928
202111,"South China",2021-11-15,0.0411643227270728
202112,"North China",2021-12-15,0.0262786015115399
202112,"South China",2021-12-15,0.048355959689152
202201,"North China",2022-01-15,0.0316410627484208
202201,"South China",2022-01-15,0.0508803695520968
202202,"North China",2022-02-15,0.0360334570012894
202202,"South China",2022-02-15,0.0432807632606155
202203,"North China",2022-03-15,0.0285659072523896
202203,"South China",2022-03-15,0.051802829510052
202204,"North China",2022-04-15,0.0196461341416106
202204,"South China",2022-04-15,0.0685816007861417
202205,"North China",2022-05-15,0.0203946633368866
202205,"South China",2022-05-15,0.0622468443427444
202206,"North China",2022-06-15,0.0278821131252508
202206,"South China",2022-06-15,0.0775583753023629
202207,"North China",2022-07-15,0.0347660882228689
202207,"South China",2022-07-15,0.0959672123093405
202208,"North China",2022-08-15,0.0424544564819703
202208,"South China",2022-08-15,0.104415438284059
202209,"North China",2022-09-15,0.0454248370714239
202209,"South China",2022-09-15,0.10921628801968
202210,"North China",2022-10-15,0.0464397390841091
202210,"South China",2022-10-15,0.141268981715076
202211,"North China",2022-11-15,0.05189546677101
202211,"South China",2022-11-15,0.168836476544988
202212,"North China",2022-12-15,0.0665538837924009
202212,"South China",2022-12-15,0.225174359787065
202301,"North China",2023-01-15,0.0845593435959995
202301,"South China",2023-01-15,0.27254032356533
202302,"North China",2023-02-15,0.115203486295107
202302,"South China",2023-02-15,0.281562532676495
202303,"North China",2023-03-15,0.182816387850331
202303,"South China",2023-03-15,0.37166266777014
202304,"North China",2023-04-15,0.276593046111029
202304,"South China",2023-04-15,0.464023373236792
202305,"North China",2023-05-15,0.349494802733067
202305,"South China",2023-05-15,0.501140248913465
202306,"North China",2023-06-15,0.397478353312493
202306,"South China",2023-06-15,0.541473850434096
202307,"North China",2023-07-15,0.484492115028941
202307,"South China",2023-07-15,0.616044049673128
202308,"North China",2023-08-15,0.507912303642954
202308,"South China",2023-08-15,0.627079004093969
202309,"North China",2023-09-15,0.492828313488439
202309,"South China",2023-09-15,0.597571444813597
202310,"North China",2023-10-15,0.494878017553273
202310,"South China",2023-10-15,0.649613766088068
202311,"North China",2023-11-15,0.447055105846632
202311,"South China",2023-11-15,0.613777899613023
202312,"North China",2023-12-15,0.513494384592478
202312,"South China",2023-12-15,0.680269798885613
