"period","region_final_dep","region_final_arr","Num_month","Num","Num_per_month","lati.x","long.x","lati.y","long.y"
"Period 1","Africa","Europe",39,81347121,2085823.6,6.009334615,18.09028353,49.72535164,12.63523685
"Period 1","Africa","Japan/Korea",39,978126,25080.2,6.009334615,18.09028353,37.01238814,139.9873982
"Period 1","Africa","North America",39,9382236,240570.2,6.009334615,18.09028353,49.89877748,-99.95689093
"Period 1","Africa","North China",39,1250935,32075.3,6.009334615,18.09028353,38.0616808,100.6754211
"Period 1","Africa","Oceania",39,1257753,32250.1,6.009334615,18.09028353,-24.65995717,135.7238172
"Period 1","Africa","Russia",39,1064885,27304.7,6.009334615,18.09028353,59.80038836,94.30046611
"Period 1","Africa","South America",39,971179,24902,6.009334615,18.09028353,-13.71835705,-59.77519088
"Period 1","Africa","South China",39,3426118,87849.2,6.009334615,18.09028353,27.8115735,113.6023239
"Period 1","Africa","South-eastern Asia",39,2673540,68552.3,6.009334615,18.09028353,-0.198689756,114.0117086
"Period 1","Africa","Southern Asia",39,4148632,106375.2,6.009334615,18.09028353,26.98419452,71.12322501
"Period 1","Africa","Western Asia",39,41079579,1053322.5,6.009334615,18.09028353,27.67000493,43.59334869
"Period 1","Europe","Africa",39,80992670,2076735.1,49.72535164,12.63523685,6.009334615,18.09028353
"Period 1","Europe","Japan/Korea",39,17539250,449724.4,49.72535164,12.63523685,37.01238814,139.9873982
"Period 1","Europe","North America",39,117471987,3012102.2,49.72535164,12.63523685,49.89877748,-99.95689093
"Period 1","Europe","North China",39,7008357,179701.5,49.72535164,12.63523685,38.0616808,100.6754211
"Period 1","Europe","Oceania",39,10143804,260097.5,49.72535164,12.63523685,-24.65995717,135.7238172
"Period 1","Europe","Russia",39,38232688,980325.3,49.72535164,12.63523685,59.80038836,94.30046611
"Period 1","Europe","South America",39,24028140,616106.2,49.72535164,12.63523685,-13.71835705,-59.77519088
"Period 1","Europe","South China",39,20301382,520548.3,49.72535164,12.63523685,27.8115735,113.6023239
"Period 1","Europe","South-eastern Asia",39,31989243,820237,49.72535164,12.63523685,-0.198689756,114.0117086
"Period 1","Europe","Southern Asia",39,26672884,683920.1,49.72535164,12.63523685,26.98419452,71.12322501
"Period 1","Europe","Western Asia",39,111494209,2858825.9,49.72535164,12.63523685,27.67000493,43.59334869
"Period 1","Japan/Korea","Africa",39,1061472,27217.2,37.01238814,139.9873982,6.009334615,18.09028353
"Period 1","Japan/Korea","Europe",39,17685839,453483.1,37.01238814,139.9873982,49.72535164,12.63523685
"Period 1","Japan/Korea","North America",39,21371410,547984.9,37.01238814,139.9873982,49.89877748,-99.95689093
"Period 1","Japan/Korea","North China",39,22710390,582317.7,37.01238814,139.9873982,38.0616808,100.6754211
"Period 1","Japan/Korea","Oceania",39,5473575,140348.1,37.01238814,139.9873982,-24.65995717,135.7238172
"Period 1","Japan/Korea","Russia",39,2266423,58113.4,37.01238814,139.9873982,59.80038836,94.30046611
"Period 1","Japan/Korea","South America",39,809375,20753.2,37.01238814,139.9873982,-13.71835705,-59.77519088
"Period 1","Japan/Korea","South China",39,69899919,1792305.6,37.01238814,139.9873982,27.8115735,113.6023239
"Period 1","Japan/Korea","South-eastern Asia",39,58778324,1507136.5,37.01238814,139.9873982,-0.198689756,114.0117086
"Period 1","Japan/Korea","Southern Asia",39,3417965,87640.1,37.01238814,139.9873982,26.98419452,71.12322501
"Period 1","Japan/Korea","Western Asia",39,2261151,57978.2,37.01238814,139.9873982,27.67000493,43.59334869
"Period 1","North America","Africa",39,9088041,233026.7,49.89877748,-99.95689093,6.009334615,18.09028353
"Period 1","North America","Europe",39,117142684,3003658.6,49.89877748,-99.95689093,49.72535164,12.63523685
"Period 1","North America","Japan/Korea",39,21570026,553077.6,49.89877748,-99.95689093,37.01238814,139.9873982
"Period 1","North America","North China",39,6277970,160973.6,49.89877748,-99.95689093,38.0616808,100.6754211
"Period 1","North America","Oceania",39,8934891,229099.8,49.89877748,-99.95689093,-24.65995717,135.7238172
"Period 1","North America","Russia",39,1761275,45160.9,49.89877748,-99.95689093,59.80038836,94.30046611
"Period 1","North America","South America",39,29290451,751037.2,49.89877748,-99.95689093,-13.71835705,-59.77519088
"Period 1","North America","South China",39,17320720,444121,49.89877748,-99.95689093,27.8115735,113.6023239
"Period 1","North America","South-eastern Asia",39,14456599,370682,49.89877748,-99.95689093,-0.198689756,114.0117086
"Period 1","North America","Southern Asia",39,14334546,367552.5,49.89877748,-99.95689093,26.98419452,71.12322501
"Period 1","North America","Western Asia",39,13212179,338773.8,49.89877748,-99.95689093,27.67000493,43.59334869
"Period 1","North China","Africa",39,1334361,34214.4,38.0616808,100.6754211,6.009334615,18.09028353
"Period 1","North China","Europe",39,7078472,181499.3,38.0616808,100.6754211,49.72535164,12.63523685
"Period 1","North China","Japan/Korea",39,22532417,577754.3,38.0616808,100.6754211,37.01238814,139.9873982
"Period 1","North China","North America",39,6183971,158563.4,38.0616808,100.6754211,49.89877748,-99.95689093
"Period 1","North China","Oceania",39,2507010,64282.3,38.0616808,100.6754211,-24.65995717,135.7238172
"Period 1","North China","Russia",39,2082437,53395.8,38.0616808,100.6754211,59.80038836,94.30046611
"Period 1","North China","South America",39,224078,5745.6,38.0616808,100.6754211,-13.71835705,-59.77519088
"Period 1","North China","South China",39,344358998,8829717.9,38.0616808,100.6754211,27.8115735,113.6023239
"Period 1","North China","South-eastern Asia",39,17248536,442270.2,38.0616808,100.6754211,-0.198689756,114.0117086
"Period 1","North China","Southern Asia",39,1631409,41831,38.0616808,100.6754211,26.98419452,71.12322501
"Period 1","North China","Western Asia",39,1849744,47429.3,38.0616808,100.6754211,27.67000493,43.59334869
"Period 1","Oceania","Africa",39,1226764,31455.5,-24.65995717,135.7238172,6.009334615,18.09028353
"Period 1","Oceania","Europe",39,10680909,273869.5,-24.65995717,135.7238172,49.72535164,12.63523685
"Period 1","Oceania","Japan/Korea",39,5715616,146554.3,-24.65995717,135.7238172,37.01238814,139.9873982
"Period 1","Oceania","North America",39,9061967,232358.1,-24.65995717,135.7238172,49.89877748,-99.95689093
"Period 1","Oceania","North China",39,2614572,67040.3,-24.65995717,135.7238172,38.0616808,100.6754211
"Period 1","Oceania","Russia",39,125012,3205.4,-24.65995717,135.7238172,59.80038836,94.30046611
"Period 1","Oceania","South America",39,874034,22411.1,-24.65995717,135.7238172,-13.71835705,-59.77519088
"Period 1","Oceania","South China",39,8827820,226354.4,-24.65995717,135.7238172,27.8115735,113.6023239
"Period 1","Oceania","South-eastern Asia",39,19461724,499018.6,-24.65995717,135.7238172,-0.198689756,114.0117086
"Period 1","Oceania","Southern Asia",39,4551893,116715.2,-24.65995717,135.7238172,26.98419452,71.12322501
"Period 1","Oceania","Western Asia",39,1990309,51033.6,-24.65995717,135.7238172,27.67000493,43.59334869
"Period 1","Russia","Africa",39,1095435,28088.1,59.80038836,94.30046611,6.009334615,18.09028353
"Period 1","Russia","Europe",39,37911573,972091.6,59.80038836,94.30046611,49.72535164,12.63523685
"Period 1","Russia","Japan/Korea",39,2292825,58790.4,59.80038836,94.30046611,37.01238814,139.9873982
"Period 1","Russia","North America",39,1766674,45299.3,59.80038836,94.30046611,49.89877748,-99.95689093
"Period 1","Russia","North China",39,2090720,53608.2,59.80038836,94.30046611,38.0616808,100.6754211
"Period 1","Russia","Oceania",39,145478,3730.2,59.80038836,94.30046611,-24.65995717,135.7238172
"Period 1","Russia","South America",39,340432,8729,59.80038836,94.30046611,-13.71835705,-59.77519088
"Period 1","Russia","South China",39,2266081,58104.6,59.80038836,94.30046611,27.8115735,113.6023239
"Period 1","Russia","South-eastern Asia",39,3265240,83724.1,59.80038836,94.30046611,-0.198689756,114.0117086
"Period 1","Russia","Southern Asia",39,1387374,35573.7,59.80038836,94.30046611,26.98419452,71.12322501
"Period 1","Russia","Western Asia",39,16693777,428045.6,59.80038836,94.30046611,27.67000493,43.59334869
"Period 1","South America","Africa",39,972965,24947.8,-13.71835705,-59.77519088,6.009334615,18.09028353
"Period 1","South America","Europe",39,24046808,616584.8,-13.71835705,-59.77519088,49.72535164,12.63523685
"Period 1","South America","Japan/Korea",39,799875,20509.6,-13.71835705,-59.77519088,37.01238814,139.9873982
"Period 1","South America","North America",39,29058721,745095.4,-13.71835705,-59.77519088,49.89877748,-99.95689093
"Period 1","South America","North China",39,230131,5900.8,-13.71835705,-59.77519088,38.0616808,100.6754211
"Period 1","South America","Oceania",39,888339,22777.9,-13.71835705,-59.77519088,-24.65995717,135.7238172
"Period 1","South America","Russia",39,216141,5542.1,-13.71835705,-59.77519088,59.80038836,94.30046611
"Period 1","South America","South China",39,804284,20622.7,-13.71835705,-59.77519088,27.8115735,113.6023239
"Period 1","South America","South-eastern Asia",39,410042,10513.9,-13.71835705,-59.77519088,-0.198689756,114.0117086
"Period 1","South America","Southern Asia",39,221887,5689.4,-13.71835705,-59.77519088,26.98419452,71.12322501
"Period 1","South America","Western Asia",39,1132456,29037.3,-13.71835705,-59.77519088,27.67000493,43.59334869
"Period 1","South China","Africa",39,3423364,87778.6,27.8115735,113.6023239,6.009334615,18.09028353
"Period 1","South China","Europe",39,20150565,516681.2,27.8115735,113.6023239,49.72535164,12.63523685
"Period 1","South China","Japan/Korea",39,68911687,1766966.3,27.8115735,113.6023239,37.01238814,139.9873982
"Period 1","South China","North America",39,17198624,440990.4,27.8115735,113.6023239,49.89877748,-99.95689093
"Period 1","South China","North China",39,343122948,8798024.3,27.8115735,113.6023239,38.0616808,100.6754211
"Period 1","South China","Oceania",39,8941422,229267.2,27.8115735,113.6023239,-24.65995717,135.7238172
"Period 1","South China","Russia",39,2291546,58757.6,27.8115735,113.6023239,59.80038836,94.30046611
"Period 1","South China","South America",39,835901,21433.4,27.8115735,113.6023239,-13.71835705,-59.77519088
"Period 1","South China","South-eastern Asia",39,92872038,2381334.3,27.8115735,113.6023239,-0.198689756,114.0117086
"Period 1","South China","Southern Asia",39,6045997,155025.6,27.8115735,113.6023239,26.98419452,71.12322501
"Period 1","South China","Western Asia",39,4213286,108033,27.8115735,113.6023239,27.67000493,43.59334869
"Period 1","South-eastern Asia","Africa",39,2541143,65157.5,-0.198689756,114.0117086,6.009334615,18.09028353
"Period 1","South-eastern Asia","Europe",39,31319541,803065.2,-0.198689756,114.0117086,49.72535164,12.63523685
"Period 1","South-eastern Asia","Japan/Korea",39,58536712,1500941.3,-0.198689756,114.0117086,37.01238814,139.9873982
"Period 1","South-eastern Asia","North America",39,15242418,390831.2,-0.198689756,114.0117086,49.89877748,-99.95689093
"Period 1","South-eastern Asia","North China",39,17096963,438383.7,-0.198689756,114.0117086,38.0616808,100.6754211
"Period 1","South-eastern Asia","Oceania",39,19771771,506968.5,-0.198689756,114.0117086,-24.65995717,135.7238172
"Period 1","South-eastern Asia","Russia",39,3230859,82842.5,-0.198689756,114.0117086,59.80038836,94.30046611
"Period 1","South-eastern Asia","South America",39,400428,10267.4,-0.198689756,114.0117086,-13.71835705,-59.77519088
"Period 1","South-eastern Asia","South China",39,92594989,2374230.5,-0.198689756,114.0117086,27.8115735,113.6023239
"Period 1","South-eastern Asia","Southern Asia",39,24307110,623259.2,-0.198689756,114.0117086,26.98419452,71.12322501
"Period 1","South-eastern Asia","Western Asia",39,18748189,480722.8,-0.198689756,114.0117086,27.67000493,43.59334869
"Period 1","Southern Asia","Africa",39,4331603,111066.7,26.98419452,71.12322501,6.009334615,18.09028353
"Period 1","Southern Asia","Europe",39,28007704,718146.3,26.98419452,71.12322501,49.72535164,12.63523685
"Period 1","Southern Asia","Japan/Korea",39,3353111,85977.2,26.98419452,71.12322501,37.01238814,139.9873982
"Period 1","Southern Asia","North America",39,15097487,387115.1,26.98419452,71.12322501,49.89877748,-99.95689093
"Period 1","Southern Asia","North China",39,1575379,40394.3,26.98419452,71.12322501,38.0616808,100.6754211
"Period 1","Southern Asia","Oceania",39,4930163,126414.4,26.98419452,71.12322501,-24.65995717,135.7238172
"Period 1","Southern Asia","Russia",39,1424403,36523.2,26.98419452,71.12322501,59.80038836,94.30046611
"Period 1","Southern Asia","South America",39,240868,6176.1,26.98419452,71.12322501,-13.71835705,-59.77519088
"Period 1","Southern Asia","South China",39,5995364,153727.3,26.98419452,71.12322501,27.8115735,113.6023239
"Period 1","Southern Asia","South-eastern Asia",39,24134793,618840.8,26.98419452,71.12322501,-0.198689756,114.0117086
"Period 1","Southern Asia","Western Asia",39,78795040,2020385.6,26.98419452,71.12322501,27.67000493,43.59334869
"Period 1","Western Asia","Africa",39,41350487,1060268.9,27.67000493,43.59334869,6.009334615,18.09028353
"Period 1","Western Asia","Europe",39,111378982,2855871.3,27.67000493,43.59334869,49.72535164,12.63523685
"Period 1","Western Asia","Japan/Korea",39,2221242,56954.9,27.67000493,43.59334869,37.01238814,139.9873982
"Period 1","Western Asia","North America",39,13094172,335748,27.67000493,43.59334869,49.89877748,-99.95689093
"Period 1","Western Asia","North China",39,1924412,49343.9,27.67000493,43.59334869,38.0616808,100.6754211
"Period 1","Western Asia","Oceania",39,2099180,53825.1,27.67000493,43.59334869,-24.65995717,135.7238172
"Period 1","Western Asia","Russia",39,16576847,425047.4,27.67000493,43.59334869,59.80038836,94.30046611
"Period 1","Western Asia","South America",39,1238720,31762.1,27.67000493,43.59334869,-13.71835705,-59.77519088
"Period 1","Western Asia","South China",39,4249048,108949.9,27.67000493,43.59334869,27.8115735,113.6023239
"Period 1","Western Asia","South-eastern Asia",39,18342663,470324.7,27.67000493,43.59334869,-0.198689756,114.0117086
"Period 1","Western Asia","Southern Asia",39,79366797,2035046.1,27.67000493,43.59334869,26.98419452,71.12322501
"Period 2","Africa","Europe",12,4827624,402302,6.009334615,18.09028353,49.72535164,12.63523685
"Period 2","Africa","Japan/Korea",12,40279,3356.6,6.009334615,18.09028353,37.01238814,139.9873982
"Period 2","Africa","North America",12,541841,45153.4,6.009334615,18.09028353,49.89877748,-99.95689093
"Period 2","Africa","North China",12,12584,1048.7,6.009334615,18.09028353,38.0616808,100.6754211
"Period 2","Africa","Oceania",12,13873,1156.1,6.009334615,18.09028353,-24.65995717,135.7238172
"Period 2","Africa","Russia",12,76075,6339.6,6.009334615,18.09028353,59.80038836,94.30046611
"Period 2","Africa","South America",12,49543,4128.6,6.009334615,18.09028353,-13.71835705,-59.77519088
"Period 2","Africa","South China",12,87457,7288.1,6.009334615,18.09028353,27.8115735,113.6023239
"Period 2","Africa","South-eastern Asia",12,124448,10370.7,6.009334615,18.09028353,-0.198689756,114.0117086
"Period 2","Africa","Southern Asia",12,226755,18896.2,6.009334615,18.09028353,26.98419452,71.12322501
"Period 2","Africa","Western Asia",12,3262268,271855.7,6.009334615,18.09028353,27.67000493,43.59334869
"Period 2","Europe","Africa",12,4771199,397599.9,49.72535164,12.63523685,6.009334615,18.09028353
"Period 2","Europe","Japan/Korea",12,463896,38658,49.72535164,12.63523685,37.01238814,139.9873982
"Period 2","Europe","North America",12,3047094,253924.5,49.72535164,12.63523685,49.89877748,-99.95689093
"Period 2","Europe","North China",12,96186,8015.5,49.72535164,12.63523685,38.0616808,100.6754211
"Period 2","Europe","Oceania",12,144777,12064.8,49.72535164,12.63523685,-24.65995717,135.7238172
"Period 2","Europe","Russia",12,2203869,183655.8,49.72535164,12.63523685,59.80038836,94.30046611
"Period 2","Europe","South America",12,963801,80316.8,49.72535164,12.63523685,-13.71835705,-59.77519088
"Period 2","Europe","South China",12,441464,36788.7,49.72535164,12.63523685,27.8115735,113.6023239
"Period 2","Europe","South-eastern Asia",12,682822,56901.8,49.72535164,12.63523685,-0.198689756,114.0117086
"Period 2","Europe","Southern Asia",12,1495557,124629.8,49.72535164,12.63523685,26.98419452,71.12322501
"Period 2","Europe","Western Asia",12,7334780,611231.7,49.72535164,12.63523685,27.67000493,43.59334869
"Period 2","Japan/Korea","Africa",12,37062,3088.5,37.01238814,139.9873982,6.009334615,18.09028353
"Period 2","Japan/Korea","Europe",12,491577,40964.8,37.01238814,139.9873982,49.72535164,12.63523685
"Period 2","Japan/Korea","North America",12,840930,70077.5,37.01238814,139.9873982,49.89877748,-99.95689093
"Period 2","Japan/Korea","North China",12,428037,35669.8,37.01238814,139.9873982,38.0616808,100.6754211
"Period 2","Japan/Korea","Oceania",12,68262,5688.5,37.01238814,139.9873982,-24.65995717,135.7238172
"Period 2","Japan/Korea","Russia",12,53753,4479.4,37.01238814,139.9873982,59.80038836,94.30046611
"Period 2","Japan/Korea","South America",12,34132,2844.3,37.01238814,139.9873982,-13.71835705,-59.77519088
"Period 2","Japan/Korea","South China",12,1263674,105306.2,37.01238814,139.9873982,27.8115735,113.6023239
"Period 2","Japan/Korea","South-eastern Asia",12,1660665,138388.8,37.01238814,139.9873982,-0.198689756,114.0117086
"Period 2","Japan/Korea","Southern Asia",12,90930,7577.5,37.01238814,139.9873982,26.98419452,71.12322501
"Period 2","Japan/Korea","Western Asia",12,147120,12260,37.01238814,139.9873982,27.67000493,43.59334869
"Period 2","North America","Africa",12,559563,46630.2,49.89877748,-99.95689093,6.009334615,18.09028353
"Period 2","North America","Europe",12,2971708,247642.3,49.89877748,-99.95689093,49.72535164,12.63523685
"Period 2","North America","Japan/Korea",12,899026,74918.8,49.89877748,-99.95689093,37.01238814,139.9873982
"Period 2","North America","North China",12,60906,5075.5,49.89877748,-99.95689093,38.0616808,100.6754211
"Period 2","North America","Oceania",12,123732,10311,49.89877748,-99.95689093,-24.65995717,135.7238172
"Period 2","North America","Russia",12,66802,5566.8,49.89877748,-99.95689093,59.80038836,94.30046611
"Period 2","North America","South America",12,1431924,119327,49.89877748,-99.95689093,-13.71835705,-59.77519088
"Period 2","North America","South China",12,467738,38978.2,49.89877748,-99.95689093,27.8115735,113.6023239
"Period 2","North America","South-eastern Asia",12,326889,27240.8,49.89877748,-99.95689093,-0.198689756,114.0117086
"Period 2","North America","Southern Asia",12,760566,63380.5,49.89877748,-99.95689093,26.98419452,71.12322501
"Period 2","North America","Western Asia",12,742627,61885.6,49.89877748,-99.95689093,27.67000493,43.59334869
"Period 2","North China","Africa",12,20769,1730.8,38.0616808,100.6754211,6.009334615,18.09028353
"Period 2","North China","Europe",12,123178,10264.8,38.0616808,100.6754211,49.72535164,12.63523685
"Period 2","North China","Japan/Korea",12,461358,38446.5,38.0616808,100.6754211,37.01238814,139.9873982
"Period 2","North China","North America",12,73961,6163.4,38.0616808,100.6754211,49.89877748,-99.95689093
"Period 2","North China","Oceania",12,30780,2565,38.0616808,100.6754211,-24.65995717,135.7238172
"Period 2","North China","Russia",12,10204,850.3,38.0616808,100.6754211,59.80038836,94.30046611
"Period 2","North China","South America",12,1413,117.8,38.0616808,100.6754211,-13.71835705,-59.77519088
"Period 2","North China","South China",12,84894375,7074531.2,38.0616808,100.6754211,27.8115735,113.6023239
"Period 2","North China","South-eastern Asia",12,237493,19791.1,38.0616808,100.6754211,-0.198689756,114.0117086
"Period 2","North China","Southern Asia",12,45095,3757.9,38.0616808,100.6754211,26.98419452,71.12322501
"Period 2","North China","Western Asia",12,40687,3390.6,38.0616808,100.6754211,27.67000493,43.59334869
"Period 2","Oceania","Africa",12,13409,1117.4,-24.65995717,135.7238172,6.009334615,18.09028353
"Period 2","Oceania","Europe",12,198040,16503.3,-24.65995717,135.7238172,49.72535164,12.63523685
"Period 2","Oceania","Japan/Korea",12,81759,6813.2,-24.65995717,135.7238172,37.01238814,139.9873982
"Period 2","Oceania","North America",12,122170,10180.8,-24.65995717,135.7238172,49.89877748,-99.95689093
"Period 2","Oceania","North China",12,23337,1944.8,-24.65995717,135.7238172,38.0616808,100.6754211
"Period 2","Oceania","Russia",12,1113,92.8,-24.65995717,135.7238172,59.80038836,94.30046611
"Period 2","Oceania","South America",12,7318,609.8,-24.65995717,135.7238172,-13.71835705,-59.77519088
"Period 2","Oceania","South China",12,187039,15586.6,-24.65995717,135.7238172,27.8115735,113.6023239
"Period 2","Oceania","South-eastern Asia",12,215100,17925,-24.65995717,135.7238172,-0.198689756,114.0117086
"Period 2","Oceania","Southern Asia",12,66677,5556.4,-24.65995717,135.7238172,26.98419452,71.12322501
"Period 2","Oceania","Western Asia",12,91115,7592.9,-24.65995717,135.7238172,27.67000493,43.59334869
"Period 2","Russia","Africa",12,88189,7349.1,59.80038836,94.30046611,6.009334615,18.09028353
"Period 2","Russia","Europe",12,2235101,186258.4,59.80038836,94.30046611,49.72535164,12.63523685
"Period 2","Russia","Japan/Korea",12,67442,5620.2,59.80038836,94.30046611,37.01238814,139.9873982
"Period 2","Russia","North America",12,67553,5629.4,59.80038836,94.30046611,49.89877748,-99.95689093
"Period 2","Russia","North China",12,9477,789.8,59.80038836,94.30046611,38.0616808,100.6754211
"Period 2","Russia","Oceania",12,1218,101.5,59.80038836,94.30046611,-24.65995717,135.7238172
"Period 2","Russia","South America",12,6388,532.3,59.80038836,94.30046611,-13.71835705,-59.77519088
"Period 2","Russia","South China",12,20464,1705.3,59.80038836,94.30046611,27.8115735,113.6023239
"Period 2","Russia","South-eastern Asia",12,41498,3458.2,59.80038836,94.30046611,-0.198689756,114.0117086
"Period 2","Russia","Southern Asia",12,108718,9059.8,59.80038836,94.30046611,26.98419452,71.12322501
"Period 2","Russia","Western Asia",12,1098071,91505.9,59.80038836,94.30046611,27.67000493,43.59334869
"Period 2","South America","Africa",12,42648,3554,-13.71835705,-59.77519088,6.009334615,18.09028353
"Period 2","South America","Europe",12,950794,79232.8,-13.71835705,-59.77519088,49.72535164,12.63523685
"Period 2","South America","Japan/Korea",12,31738,2644.8,-13.71835705,-59.77519088,37.01238814,139.9873982
"Period 2","South America","North America",12,1486175,123847.9,-13.71835705,-59.77519088,49.89877748,-99.95689093
"Period 2","South America","North China",12,1022,85.2,-13.71835705,-59.77519088,38.0616808,100.6754211
"Period 2","South America","Oceania",12,4746,395.5,-13.71835705,-59.77519088,-24.65995717,135.7238172
"Period 2","South America","Russia",12,3473,289.4,-13.71835705,-59.77519088,59.80038836,94.30046611
"Period 2","South America","South China",12,10749,895.8,-13.71835705,-59.77519088,27.8115735,113.6023239
"Period 2","South America","South-eastern Asia",12,22319,1859.9,-13.71835705,-59.77519088,-0.198689756,114.0117086
"Period 2","South America","Southern Asia",12,13990,1165.8,-13.71835705,-59.77519088,26.98419452,71.12322501
"Period 2","South America","Western Asia",12,64123,5343.6,-13.71835705,-59.77519088,27.67000493,43.59334869
"Period 2","South China","Africa",12,87906,7325.5,27.8115735,113.6023239,6.009334615,18.09028353
"Period 2","South China","Europe",12,457216,38101.3,27.8115735,113.6023239,49.72535164,12.63523685
"Period 2","South China","Japan/Korea",12,1253330,104444.2,27.8115735,113.6023239,37.01238814,139.9873982
"Period 2","South China","North America",12,477797,39816.4,27.8115735,113.6023239,49.89877748,-99.95689093
"Period 2","South China","North China",12,84311912,7025992.7,27.8115735,113.6023239,38.0616808,100.6754211
"Period 2","South China","Oceania",12,160532,13377.7,27.8115735,113.6023239,-24.65995717,135.7238172
"Period 2","South China","Russia",12,20009,1667.4,27.8115735,113.6023239,59.80038836,94.30046611
"Period 2","South China","South America",12,11226,935.5,27.8115735,113.6023239,-13.71835705,-59.77519088
"Period 2","South China","South-eastern Asia",12,1406236,117186.3,27.8115735,113.6023239,-0.198689756,114.0117086
"Period 2","South China","Southern Asia",12,206385,17198.8,27.8115735,113.6023239,26.98419452,71.12322501
"Period 2","South China","Western Asia",12,149183,12431.9,27.8115735,113.6023239,27.67000493,43.59334869
"Period 2","South-eastern Asia","Africa",12,120936,10078,-0.198689756,114.0117086,6.009334615,18.09028353
"Period 2","South-eastern Asia","Europe",12,764326,63693.8,-0.198689756,114.0117086,49.72535164,12.63523685
"Period 2","South-eastern Asia","Japan/Korea",12,2025037,168753.1,-0.198689756,114.0117086,37.01238814,139.9873982
"Period 2","South-eastern Asia","North America",12,457903,38158.6,-0.198689756,114.0117086,49.89877748,-99.95689093
"Period 2","South-eastern Asia","North China",12,223270,18605.8,-0.198689756,114.0117086,38.0616808,100.6754211
"Period 2","South-eastern Asia","Oceania",12,252412,21034.3,-0.198689756,114.0117086,-24.65995717,135.7238172
"Period 2","South-eastern Asia","Russia",12,50815,4234.6,-0.198689756,114.0117086,59.80038836,94.30046611
"Period 2","South-eastern Asia","South America",12,24138,2011.5,-0.198689756,114.0117086,-13.71835705,-59.77519088
"Period 2","South-eastern Asia","South China",12,1487382,123948.5,-0.198689756,114.0117086,27.8115735,113.6023239
"Period 2","South-eastern Asia","Southern Asia",12,481602,40133.5,-0.198689756,114.0117086,26.98419452,71.12322501
"Period 2","South-eastern Asia","Western Asia",12,980291,81690.9,-0.198689756,114.0117086,27.67000493,43.59334869
"Period 2","Southern Asia","Africa",12,260038,21669.8,26.98419452,71.12322501,6.009334615,18.09028353
"Period 2","Southern Asia","Europe",12,1687664,140638.7,26.98419452,71.12322501,49.72535164,12.63523685
"Period 2","Southern Asia","Japan/Korea",12,110353,9196.1,26.98419452,71.12322501,37.01238814,139.9873982
"Period 2","Southern Asia","North America",12,851882,70990.2,26.98419452,71.12322501,49.89877748,-99.95689093
"Period 2","Southern Asia","North China",12,34373,2864.4,26.98419452,71.12322501,38.0616808,100.6754211
"Period 2","Southern Asia","Oceania",12,64802,5400.2,26.98419452,71.12322501,-24.65995717,135.7238172
"Period 2","Southern Asia","Russia",12,114356,9529.7,26.98419452,71.12322501,59.80038836,94.30046611
"Period 2","Southern Asia","South America",12,16862,1405.2,26.98419452,71.12322501,-13.71835705,-59.77519088
"Period 2","Southern Asia","South China",12,201665,16805.4,26.98419452,71.12322501,27.8115735,113.6023239
"Period 2","Southern Asia","South-eastern Asia",12,479334,39944.5,26.98419452,71.12322501,-0.198689756,114.0117086
"Period 2","Southern Asia","Western Asia",12,6067864,505655.3,26.98419452,71.12322501,27.67000493,43.59334869
"Period 2","Western Asia","Africa",12,3508576,292381.3,27.67000493,43.59334869,6.009334615,18.09028353
"Period 2","Western Asia","Europe",12,7404445,617037.1,27.67000493,43.59334869,49.72535164,12.63523685
"Period 2","Western Asia","Japan/Korea",12,165002,13750.2,27.67000493,43.59334869,37.01238814,139.9873982
"Period 2","Western Asia","North America",12,788587,65715.6,27.67000493,43.59334869,49.89877748,-99.95689093
"Period 2","Western Asia","North China",12,37110,3092.5,27.67000493,43.59334869,38.0616808,100.6754211
"Period 2","Western Asia","Oceania",12,137589,11465.8,27.67000493,43.59334869,-24.65995717,135.7238172
"Period 2","Western Asia","Russia",12,1087630,90635.8,27.67000493,43.59334869,59.80038836,94.30046611
"Period 2","Western Asia","South America",12,75741,6311.8,27.67000493,43.59334869,-13.71835705,-59.77519088
"Period 2","Western Asia","South China",12,203130,16927.5,27.67000493,43.59334869,27.8115735,113.6023239
"Period 2","Western Asia","South-eastern Asia",12,1084324,90360.3,27.67000493,43.59334869,-0.198689756,114.0117086
"Period 2","Western Asia","Southern Asia",12,6403707,533642.2,27.67000493,43.59334869,26.98419452,71.12322501
"Period 3","Africa","Europe",25,39343625,1573745,6.009334615,18.09028353,49.72535164,12.63523685
"Period 3","Africa","Japan/Korea",25,254148,10165.9,6.009334615,18.09028353,37.01238814,139.9873982
"Period 3","Africa","North America",25,5056768,202270.7,6.009334615,18.09028353,49.89877748,-99.95689093
"Period 3","Africa","North China",25,62472,2498.9,6.009334615,18.09028353,38.0616808,100.6754211
"Period 3","Africa","Oceania",25,340532,13621.3,6.009334615,18.09028353,-24.65995717,135.7238172
"Period 3","Africa","Russia",25,1041813,41672.5,6.009334615,18.09028353,59.80038836,94.30046611
"Period 3","Africa","South America",25,259106,10364.2,6.009334615,18.09028353,-13.71835705,-59.77519088
"Period 3","Africa","South China",25,420875,16835,6.009334615,18.09028353,27.8115735,113.6023239
"Period 3","Africa","South-eastern Asia",25,791134,31645.4,6.009334615,18.09028353,-0.198689756,114.0117086
"Period 3","Africa","Southern Asia",25,1840374,73615,6.009334615,18.09028353,26.98419452,71.12322501
"Period 3","Africa","Western Asia",25,22307871,892314.8,6.009334615,18.09028353,27.67000493,43.59334869
"Period 3","Europe","Africa",25,39297379,1571895.2,49.72535164,12.63523685,6.009334615,18.09028353
"Period 3","Europe","Japan/Korea",25,3288706,131548.2,49.72535164,12.63523685,37.01238814,139.9873982
"Period 3","Europe","North America",25,46577103,1863084.1,49.72535164,12.63523685,49.89877748,-99.95689093
"Period 3","Europe","North China",25,343066,13722.6,49.72535164,12.63523685,38.0616808,100.6754211
"Period 3","Europe","Oceania",25,2285735,91429.4,49.72535164,12.63523685,-24.65995717,135.7238172
"Period 3","Europe","Russia",25,6843715,273748.6,49.72535164,12.63523685,59.80038836,94.30046611
"Period 3","Europe","South America",25,10327300,413092,49.72535164,12.63523685,-13.71835705,-59.77519088
"Period 3","Europe","South China",25,1996127,79845.1,49.72535164,12.63523685,27.8115735,113.6023239
"Period 3","Europe","South-eastern Asia",25,7925279,317011.2,49.72535164,12.63523685,-0.198689756,114.0117086
"Period 3","Europe","Southern Asia",25,10839436,433577.4,49.72535164,12.63523685,26.98419452,71.12322501
"Period 3","Europe","Western Asia",25,59916388,2396655.5,49.72535164,12.63523685,27.67000493,43.59334869
"Period 3","Japan/Korea","Africa",25,243471,9738.8,37.01238814,139.9873982,6.009334615,18.09028353
"Period 3","Japan/Korea","Europe",25,3453056,138122.2,37.01238814,139.9873982,49.72535164,12.63523685
"Period 3","Japan/Korea","North America",25,5397195,215887.8,37.01238814,139.9873982,49.89877748,-99.95689093
"Period 3","Japan/Korea","North China",25,769768,30790.7,37.01238814,139.9873982,38.0616808,100.6754211
"Period 3","Japan/Korea","Oceania",25,944225,37769,37.01238814,139.9873982,-24.65995717,135.7238172
"Period 3","Japan/Korea","Russia",25,144231,5769.2,37.01238814,139.9873982,59.80038836,94.30046611
"Period 3","Japan/Korea","South America",25,195141,7805.6,37.01238814,139.9873982,-13.71835705,-59.77519088
"Period 3","Japan/Korea","South China",25,5403716,216148.6,37.01238814,139.9873982,27.8115735,113.6023239
"Period 3","Japan/Korea","South-eastern Asia",25,11642814,465712.6,37.01238814,139.9873982,-0.198689756,114.0117086
"Period 3","Japan/Korea","Southern Asia",25,930531,37221.2,37.01238814,139.9873982,26.98419452,71.12322501
"Period 3","Japan/Korea","Western Asia",25,677910,27116.4,37.01238814,139.9873982,27.67000493,43.59334869
"Period 3","North America","Africa",25,4554383,182175.3,49.89877748,-99.95689093,6.009334615,18.09028353
"Period 3","North America","Europe",25,45063412,1802536.5,49.89877748,-99.95689093,49.72535164,12.63523685
"Period 3","North America","Japan/Korea",25,5477658,219106.3,49.89877748,-99.95689093,37.01238814,139.9873982
"Period 3","North America","North China",25,162830,6513.2,49.89877748,-99.95689093,38.0616808,100.6754211
"Period 3","North America","Oceania",25,2227783,89111.3,49.89877748,-99.95689093,-24.65995717,135.7238172
"Period 3","North America","Russia",25,293680,11747.2,49.89877748,-99.95689093,59.80038836,94.30046611
"Period 3","North America","South America",25,14412371,576494.8,49.89877748,-99.95689093,-13.71835705,-59.77519088
"Period 3","North America","South China",25,1986605,79464.2,49.89877748,-99.95689093,27.8115735,113.6023239
"Period 3","North America","South-eastern Asia",25,4516257,180650.3,49.89877748,-99.95689093,-0.198689756,114.0117086
"Period 3","North America","Southern Asia",25,6551765,262070.6,49.89877748,-99.95689093,26.98419452,71.12322501
"Period 3","North America","Western Asia",25,7556454,302258.2,49.89877748,-99.95689093,27.67000493,43.59334869
"Period 3","North China","Africa",25,86929,3477.2,38.0616808,100.6754211,6.009334615,18.09028353
"Period 3","North China","Europe",25,419553,16782.1,38.0616808,100.6754211,49.72535164,12.63523685
"Period 3","North China","Japan/Korea",25,795539,31821.6,38.0616808,100.6754211,37.01238814,139.9873982
"Period 3","North China","North America",25,277025,11081,38.0616808,100.6754211,49.89877748,-99.95689093
"Period 3","North China","Oceania",25,189065,7562.6,38.0616808,100.6754211,-24.65995717,135.7238172
"Period 3","North China","Russia",25,59707,2388.3,38.0616808,100.6754211,59.80038836,94.30046611
"Period 3","North China","South America",25,10376,415,38.0616808,100.6754211,-13.71835705,-59.77519088
"Period 3","North China","South China",25,169552740,6782109.6,38.0616808,100.6754211,27.8115735,113.6023239
"Period 3","North China","South-eastern Asia",25,838173,33526.9,38.0616808,100.6754211,-0.198689756,114.0117086
"Period 3","North China","Southern Asia",25,168157,6726.3,38.0616808,100.6754211,26.98419452,71.12322501
"Period 3","North China","Western Asia",25,135830,5433.2,38.0616808,100.6754211,27.67000493,43.59334869
"Period 3","Oceania","Africa",25,311504,12460.2,-24.65995717,135.7238172,6.009334615,18.09028353
"Period 3","Oceania","Europe",25,2482486,99299.4,-24.65995717,135.7238172,49.72535164,12.63523685
"Period 3","Oceania","Japan/Korea",25,967040,38681.6,-24.65995717,135.7238172,37.01238814,139.9873982
"Period 3","Oceania","North America",25,2306461,92258.4,-24.65995717,135.7238172,49.89877748,-99.95689093
"Period 3","Oceania","North China",25,131535,5261.4,-24.65995717,135.7238172,38.0616808,100.6754211
"Period 3","Oceania","Russia",25,20074,803,-24.65995717,135.7238172,59.80038836,94.30046611
"Period 3","Oceania","South America",25,162724,6509,-24.65995717,135.7238172,-13.71835705,-59.77519088
"Period 3","Oceania","South China",25,934539,37381.6,-24.65995717,135.7238172,27.8115735,113.6023239
"Period 3","Oceania","South-eastern Asia",25,4671626,186865,-24.65995717,135.7238172,-0.198689756,114.0117086
"Period 3","Oceania","Southern Asia",25,1654894,66195.8,-24.65995717,135.7238172,26.98419452,71.12322501
"Period 3","Oceania","Western Asia",25,725903,29036.1,-24.65995717,135.7238172,27.67000493,43.59334869
"Period 3","Russia","Africa",25,1057545,42301.8,59.80038836,94.30046611,6.009334615,18.09028353
"Period 3","Russia","Europe",25,6973511,278940.4,59.80038836,94.30046611,49.72535164,12.63523685
"Period 3","Russia","Japan/Korea",25,167765,6710.6,59.80038836,94.30046611,37.01238814,139.9873982
"Period 3","Russia","North America",25,317559,12702.4,59.80038836,94.30046611,49.89877748,-99.95689093
"Period 3","Russia","North China",25,57045,2281.8,59.80038836,94.30046611,38.0616808,100.6754211
"Period 3","Russia","Oceania",25,23237,929.5,59.80038836,94.30046611,-24.65995717,135.7238172
"Period 3","Russia","South America",25,52875,2115,59.80038836,94.30046611,-13.71835705,-59.77519088
"Period 3","Russia","South China",25,120917,4836.7,59.80038836,94.30046611,27.8115735,113.6023239
"Period 3","Russia","South-eastern Asia",25,792248,31689.9,59.80038836,94.30046611,-0.198689756,114.0117086
"Period 3","Russia","Southern Asia",25,778222,31128.9,59.80038836,94.30046611,26.98419452,71.12322501
"Period 3","Russia","Western Asia",25,8928151,357126,59.80038836,94.30046611,27.67000493,43.59334869
"Period 3","South America","Africa",25,209844,8393.8,-13.71835705,-59.77519088,6.009334615,18.09028353
"Period 3","South America","Europe",25,10248576,409943,-13.71835705,-59.77519088,49.72535164,12.63523685
"Period 3","South America","Japan/Korea",25,182930,7317.2,-13.71835705,-59.77519088,37.01238814,139.9873982
"Period 3","South America","North America",25,14470944,578837.8,-13.71835705,-59.77519088,49.89877748,-99.95689093
"Period 3","South America","North China",25,7182,287.3,-13.71835705,-59.77519088,38.0616808,100.6754211
"Period 3","South America","Oceania",25,170355,6814.2,-13.71835705,-59.77519088,-24.65995717,135.7238172
"Period 3","South America","Russia",25,43013,1720.5,-13.71835705,-59.77519088,59.80038836,94.30046611
"Period 3","South America","South China",25,62599,2504,-13.71835705,-59.77519088,27.8115735,113.6023239
"Period 3","South America","South-eastern Asia",25,163909,6556.4,-13.71835705,-59.77519088,-0.198689756,114.0117086
"Period 3","South America","Southern Asia",25,127028,5081.1,-13.71835705,-59.77519088,26.98419452,71.12322501
"Period 3","South America","Western Asia",25,686216,27448.6,-13.71835705,-59.77519088,27.67000493,43.59334869
"Period 3","South China","Africa",25,456953,18278.1,27.8115735,113.6023239,6.009334615,18.09028353
"Period 3","South China","Europe",25,2068847,82753.9,27.8115735,113.6023239,49.72535164,12.63523685
"Period 3","South China","Japan/Korea",25,5433120,217324.8,27.8115735,113.6023239,37.01238814,139.9873982
"Period 3","South China","North America",25,2155004,86200.2,27.8115735,113.6023239,49.89877748,-99.95689093
"Period 3","South China","North China",25,170466552,6818662.1,27.8115735,113.6023239,38.0616808,100.6754211
"Period 3","South China","Oceania",25,933485,37339.4,27.8115735,113.6023239,-24.65995717,135.7238172
"Period 3","South China","Russia",25,130801,5232,27.8115735,113.6023239,59.80038836,94.30046611
"Period 3","South China","South America",25,71716,2868.6,27.8115735,113.6023239,-13.71835705,-59.77519088
"Period 3","South China","South-eastern Asia",25,8200193,328007.7,27.8115735,113.6023239,-0.198689756,114.0117086
"Period 3","South China","Southern Asia",25,786906,31476.2,27.8115735,113.6023239,26.98419452,71.12322501
"Period 3","South China","Western Asia",25,644198,25767.9,27.8115735,113.6023239,27.67000493,43.59334869
"Period 3","South-eastern Asia","Africa",25,791537,31661.5,-0.198689756,114.0117086,6.009334615,18.09028353
"Period 3","South-eastern Asia","Europe",25,7761757,310470.3,-0.198689756,114.0117086,49.72535164,12.63523685
"Period 3","South-eastern Asia","Japan/Korea",25,11958470,478338.8,-0.198689756,114.0117086,37.01238814,139.9873982
"Period 3","South-eastern Asia","North America",25,4848578,193943.1,-0.198689756,114.0117086,49.89877748,-99.95689093
"Period 3","South-eastern Asia","North China",25,715776,28631,-0.198689756,114.0117086,38.0616808,100.6754211
"Period 3","South-eastern Asia","Oceania",25,4883947,195357.9,-0.198689756,114.0117086,-24.65995717,135.7238172
"Period 3","South-eastern Asia","Russia",25,747864,29914.6,-0.198689756,114.0117086,59.80038836,94.30046611
"Period 3","South-eastern Asia","South America",25,184661,7386.4,-0.198689756,114.0117086,-13.71835705,-59.77519088
"Period 3","South-eastern Asia","South China",25,7724945,308997.8,-0.198689756,114.0117086,27.8115735,113.6023239
"Period 3","South-eastern Asia","Southern Asia",25,7289611,291584.4,-0.198689756,114.0117086,26.98419452,71.12322501
"Period 3","South-eastern Asia","Western Asia",25,6785387,271415.5,-0.198689756,114.0117086,27.67000493,43.59334869
"Period 3","Southern Asia","Africa",25,1996020,79840.8,26.98419452,71.12322501,6.009334615,18.09028353
"Period 3","Southern Asia","Europe",25,11906447,476257.9,26.98419452,71.12322501,49.72535164,12.63523685
"Period 3","Southern Asia","Japan/Korea",25,882692,35307.7,26.98419452,71.12322501,37.01238814,139.9873982
"Period 3","Southern Asia","North America",25,7531360,301254.4,26.98419452,71.12322501,49.89877748,-99.95689093
"Period 3","Southern Asia","North China",25,116600,4664,26.98419452,71.12322501,38.0616808,100.6754211
"Period 3","Southern Asia","Oceania",25,1776749,71070,26.98419452,71.12322501,-24.65995717,135.7238172
"Period 3","Southern Asia","Russia",25,814487,32579.5,26.98419452,71.12322501,59.80038836,94.30046611
"Period 3","Southern Asia","South America",25,135783,5431.3,26.98419452,71.12322501,-13.71835705,-59.77519088
"Period 3","Southern Asia","South China",25,728055,29122.2,26.98419452,71.12322501,27.8115735,113.6023239
"Period 3","Southern Asia","South-eastern Asia",25,7162042,286481.7,26.98419452,71.12322501,-0.198689756,114.0117086
"Period 3","Southern Asia","Western Asia",25,38033487,1521339.5,26.98419452,71.12322501,27.67000493,43.59334869
"Period 3","Western Asia","Africa",25,22794065,911762.6,27.67000493,43.59334869,6.009334615,18.09028353
"Period 3","Western Asia","Europe",25,60613014,2424520.6,27.67000493,43.59334869,49.72535164,12.63523685
"Period 3","Western Asia","Japan/Korea",25,739846,29593.8,27.67000493,43.59334869,37.01238814,139.9873982
"Period 3","Western Asia","North America",25,7792170,311686.8,27.67000493,43.59334869,49.89877748,-99.95689093
"Period 3","Western Asia","North China",25,136092,5443.7,27.67000493,43.59334869,38.0616808,100.6754211
"Period 3","Western Asia","Oceania",25,846350,33854,27.67000493,43.59334869,-24.65995717,135.7238172
"Period 3","Western Asia","Russia",25,8912089,356483.6,27.67000493,43.59334869,59.80038836,94.30046611
"Period 3","Western Asia","South America",25,788390,31535.6,27.67000493,43.59334869,-13.71835705,-59.77519088
"Period 3","Western Asia","South China",25,735352,29414.1,27.67000493,43.59334869,27.8115735,113.6023239
"Period 3","Western Asia","South-eastern Asia",25,6945360,277814.4,27.67000493,43.59334869,-0.198689756,114.0117086
"Period 3","Western Asia","Southern Asia",25,39586743,1583469.7,27.67000493,43.59334869,26.98419452,71.12322501
"Period 4","Africa","Europe",8,20192716,2524089.5,6.009334615,18.09028353,49.72535164,12.63523685
"Period 4","Africa","Japan/Korea",8,147576,18447,6.009334615,18.09028353,37.01238814,139.9873982
"Period 4","Africa","North America",8,2414946,301868.2,6.009334615,18.09028353,49.89877748,-99.95689093
"Period 4","Africa","North China",8,165529,20691.1,6.009334615,18.09028353,38.0616808,100.6754211
"Period 4","Africa","Oceania",8,212228,26528.5,6.009334615,18.09028353,-24.65995717,135.7238172
"Period 4","Africa","Russia",8,604515,75564.4,6.009334615,18.09028353,59.80038836,94.30046611
"Period 4","Africa","South America",8,141210,17651.2,6.009334615,18.09028353,-13.71835705,-59.77519088
"Period 4","Africa","South China",8,550564,68820.5,6.009334615,18.09028353,27.8115735,113.6023239
"Period 4","Africa","South-eastern Asia",8,459161,57395.1,6.009334615,18.09028353,-0.198689756,114.0117086
"Period 4","Africa","Southern Asia",8,973589,121698.6,6.009334615,18.09028353,26.98419452,71.12322501
"Period 4","Africa","Western Asia",8,10359728,1294966,6.009334615,18.09028353,27.67000493,43.59334869
"Period 4","Europe","Africa",8,20355954,2544494.2,49.72535164,12.63523685,6.009334615,18.09028353
"Period 4","Europe","Japan/Korea",8,2949915,368739.4,49.72535164,12.63523685,37.01238814,139.9873982
"Period 4","Europe","North America",8,27597547,3449693.4,49.72535164,12.63523685,49.89877748,-99.95689093
"Period 4","Europe","North China",8,830960,103870,49.72535164,12.63523685,38.0616808,100.6754211
"Period 4","Europe","Oceania",8,1843968,230496,49.72535164,12.63523685,-24.65995717,135.7238172
"Period 4","Europe","Russia",8,974582,121822.8,49.72535164,12.63523685,59.80038836,94.30046611
"Period 4","Europe","South America",8,5132168,641521,49.72535164,12.63523685,-13.71835705,-59.77519088
"Period 4","Europe","South China",8,3066493,383311.6,49.72535164,12.63523685,27.8115735,113.6023239
"Period 4","Europe","South-eastern Asia",8,5295240,661905,49.72535164,12.63523685,-0.198689756,114.0117086
"Period 4","Europe","Southern Asia",8,5253898,656737.2,49.72535164,12.63523685,26.98419452,71.12322501
"Period 4","Europe","Western Asia",8,30454209,3806776.1,49.72535164,12.63523685,27.67000493,43.59334869
"Period 4","Japan/Korea","Africa",8,163900,20487.5,37.01238814,139.9873982,6.009334615,18.09028353
"Period 4","Japan/Korea","Europe",8,3015115,376889.4,37.01238814,139.9873982,49.72535164,12.63523685
"Period 4","Japan/Korea","North America",8,3761435,470179.4,37.01238814,139.9873982,49.89877748,-99.95689093
"Period 4","Japan/Korea","North China",8,2856162,357020.2,37.01238814,139.9873982,38.0616808,100.6754211
"Period 4","Japan/Korea","Oceania",8,1043884,130485.5,37.01238814,139.9873982,-24.65995717,135.7238172
"Period 4","Japan/Korea","Russia",8,74363,9295.4,37.01238814,139.9873982,59.80038836,94.30046611
"Period 4","Japan/Korea","South America",8,124865,15608.1,37.01238814,139.9873982,-13.71835705,-59.77519088
"Period 4","Japan/Korea","South China",8,10787000,1348375,37.01238814,139.9873982,27.8115735,113.6023239
"Period 4","Japan/Korea","South-eastern Asia",8,11240137,1405017.1,37.01238814,139.9873982,-0.198689756,114.0117086
"Period 4","Japan/Korea","Southern Asia",8,627722,78465.2,37.01238814,139.9873982,26.98419452,71.12322501
"Period 4","Japan/Korea","Western Asia",8,424265,53033.1,37.01238814,139.9873982,27.67000493,43.59334869
"Period 4","North America","Africa",8,2187303,273412.9,49.89877748,-99.95689093,6.009334615,18.09028353
"Period 4","North America","Europe",8,26096107,3262013.4,49.89877748,-99.95689093,49.72535164,12.63523685
"Period 4","North America","Japan/Korea",8,3733718,466714.8,49.89877748,-99.95689093,37.01238814,139.9873982
"Period 4","North America","North China",8,360943,45117.9,49.89877748,-99.95689093,38.0616808,100.6754211
"Period 4","North America","Oceania",8,1412183,176522.9,49.89877748,-99.95689093,-24.65995717,135.7238172
"Period 4","North America","Russia",8,67114,8389.2,49.89877748,-99.95689093,59.80038836,94.30046611
"Period 4","North America","South America",8,5921003,740125.4,49.89877748,-99.95689093,-13.71835705,-59.77519088
"Period 4","North America","South China",8,2114335,264291.9,49.89877748,-99.95689093,27.8115735,113.6023239
"Period 4","North America","South-eastern Asia",8,2840320,355040,49.89877748,-99.95689093,-0.198689756,114.0117086
"Period 4","North America","Southern Asia",8,3246879,405859.9,49.89877748,-99.95689093,26.98419452,71.12322501
"Period 4","North America","Western Asia",8,3278882,409860.2,49.89877748,-99.95689093,27.67000493,43.59334869
"Period 4","North China","Africa",8,184986,23123.2,38.0616808,100.6754211,6.009334615,18.09028353
"Period 4","North China","Europe",8,884939,110617.4,38.0616808,100.6754211,49.72535164,12.63523685
"Period 4","North China","Japan/Korea",8,2771675,346459.4,38.0616808,100.6754211,37.01238814,139.9873982
"Period 4","North China","North America",8,410679,51334.9,38.0616808,100.6754211,49.89877748,-99.95689093
"Period 4","North China","Oceania",8,358214,44776.8,38.0616808,100.6754211,-24.65995717,135.7238172
"Period 4","North China","Russia",8,249003,31125.4,38.0616808,100.6754211,59.80038836,94.30046611
"Period 4","North China","South America",8,32737,4092.1,38.0616808,100.6754211,-13.71835705,-59.77519088
"Period 4","North China","South China",8,85003238,10625404.8,38.0616808,100.6754211,27.8115735,113.6023239
"Period 4","North China","South-eastern Asia",8,2083699,260462.4,38.0616808,100.6754211,-0.198689756,114.0117086
"Period 4","North China","Southern Asia",8,212785,26598.1,38.0616808,100.6754211,26.98419452,71.12322501
"Period 4","North China","Western Asia",8,342036,42754.5,38.0616808,100.6754211,27.67000493,43.59334869
"Period 4","Oceania","Africa",8,208337,26042.1,-24.65995717,135.7238172,6.009334615,18.09028353
"Period 4","Oceania","Europe",8,1883731,235466.4,-24.65995717,135.7238172,49.72535164,12.63523685
"Period 4","Oceania","Japan/Korea",8,1069023,133627.9,-24.65995717,135.7238172,37.01238814,139.9873982
"Period 4","Oceania","North America",8,1464399,183049.9,-24.65995717,135.7238172,49.89877748,-99.95689093
"Period 4","Oceania","North China",8,326887,40860.9,-24.65995717,135.7238172,38.0616808,100.6754211
"Period 4","Oceania","Russia",8,14943,1867.9,-24.65995717,135.7238172,59.80038836,94.30046611
"Period 4","Oceania","South America",8,121026,15128.2,-24.65995717,135.7238172,-13.71835705,-59.77519088
"Period 4","Oceania","South China",8,1247785,155973.1,-24.65995717,135.7238172,27.8115735,113.6023239
"Period 4","Oceania","South-eastern Asia",8,3714280,464285,-24.65995717,135.7238172,-0.198689756,114.0117086
"Period 4","Oceania","Southern Asia",8,920277,115034.6,-24.65995717,135.7238172,26.98419452,71.12322501
"Period 4","Oceania","Western Asia",8,426940,53367.5,-24.65995717,135.7238172,27.67000493,43.59334869
"Period 4","Russia","Africa",8,635041,79380.1,59.80038836,94.30046611,6.009334615,18.09028353
"Period 4","Russia","Europe",8,955378,119422.2,59.80038836,94.30046611,49.72535164,12.63523685
"Period 4","Russia","Japan/Korea",8,73406,9175.8,59.80038836,94.30046611,37.01238814,139.9873982
"Period 4","Russia","North America",8,61287,7660.9,59.80038836,94.30046611,49.89877748,-99.95689093
"Period 4","Russia","North China",8,240583,30072.9,59.80038836,94.30046611,38.0616808,100.6754211
"Period 4","Russia","Oceania",8,17576,2197,59.80038836,94.30046611,-24.65995717,135.7238172
"Period 4","Russia","South America",8,20345,2543.1,59.80038836,94.30046611,-13.71835705,-59.77519088
"Period 4","Russia","South China",8,315955,39494.4,59.80038836,94.30046611,27.8115735,113.6023239
"Period 4","Russia","South-eastern Asia",8,643841,80480.1,59.80038836,94.30046611,-0.198689756,114.0117086
"Period 4","Russia","Southern Asia",8,361480,45185,59.80038836,94.30046611,26.98419452,71.12322501
"Period 4","Russia","Western Asia",8,5224790,653098.8,59.80038836,94.30046611,27.67000493,43.59334869
"Period 4","South America","Africa",8,121271,15158.9,-13.71835705,-59.77519088,6.009334615,18.09028353
"Period 4","South America","Europe",8,4941911,617738.9,-13.71835705,-59.77519088,49.72535164,12.63523685
"Period 4","South America","Japan/Korea",8,124918,15614.8,-13.71835705,-59.77519088,37.01238814,139.9873982
"Period 4","South America","North America",8,6379544,797443,-13.71835705,-59.77519088,49.89877748,-99.95689093
"Period 4","South America","North China",8,31533,3941.6,-13.71835705,-59.77519088,38.0616808,100.6754211
"Period 4","South America","Oceania",8,123218,15402.2,-13.71835705,-59.77519088,-24.65995717,135.7238172
"Period 4","South America","Russia",8,20425,2553.1,-13.71835705,-59.77519088,59.80038836,94.30046611
"Period 4","South America","South China",8,104878,13109.8,-13.71835705,-59.77519088,27.8115735,113.6023239
"Period 4","South America","South-eastern Asia",8,75872,9484,-13.71835705,-59.77519088,-0.198689756,114.0117086
"Period 4","South America","Southern Asia",8,55137,6892.1,-13.71835705,-59.77519088,26.98419452,71.12322501
"Period 4","South America","Western Asia",8,311084,38885.5,-13.71835705,-59.77519088,27.67000493,43.59334869
"Period 4","South China","Africa",8,562577,70322.1,27.8115735,113.6023239,6.009334615,18.09028353
"Period 4","South China","Europe",8,3105626,388203.2,27.8115735,113.6023239,49.72535164,12.63523685
"Period 4","South China","Japan/Korea",8,10683587,1335448.4,27.8115735,113.6023239,37.01238814,139.9873982
"Period 4","South China","North America",8,2139249,267406.1,27.8115735,113.6023239,49.89877748,-99.95689093
"Period 4","South China","North China",8,85600350,10700043.8,27.8115735,113.6023239,38.0616808,100.6754211
"Period 4","South China","Oceania",8,1183960,147995,27.8115735,113.6023239,-24.65995717,135.7238172
"Period 4","South China","Russia",8,316580,39572.5,27.8115735,113.6023239,59.80038836,94.30046611
"Period 4","South China","South America",8,117514,14689.2,27.8115735,113.6023239,-13.71835705,-59.77519088
"Period 4","South China","South-eastern Asia",8,13439449,1679931.1,27.8115735,113.6023239,-0.198689756,114.0117086
"Period 4","South China","Southern Asia",8,777369,97171.1,27.8115735,113.6023239,26.98419452,71.12322501
"Period 4","South China","Western Asia",8,807579,100947.4,27.8115735,113.6023239,27.67000493,43.59334869
"Period 4","South-eastern Asia","Africa",8,482528,60316,-0.198689756,114.0117086,6.009334615,18.09028353
"Period 4","South-eastern Asia","Europe",8,5204318,650539.8,-0.198689756,114.0117086,49.72535164,12.63523685
"Period 4","South-eastern Asia","Japan/Korea",8,11206130,1400766.2,-0.198689756,114.0117086,37.01238814,139.9873982
"Period 4","South-eastern Asia","North America",8,2946995,368374.4,-0.198689756,114.0117086,49.89877748,-99.95689093
"Period 4","South-eastern Asia","North China",8,2027984,253498,-0.198689756,114.0117086,38.0616808,100.6754211
"Period 4","South-eastern Asia","Oceania",8,3836485,479560.6,-0.198689756,114.0117086,-24.65995717,135.7238172
"Period 4","South-eastern Asia","Russia",8,610709,76338.6,-0.198689756,114.0117086,59.80038836,94.30046611
"Period 4","South-eastern Asia","South America",8,79942,9992.8,-0.198689756,114.0117086,-13.71835705,-59.77519088
"Period 4","South-eastern Asia","South China",8,13402652,1675331.5,-0.198689756,114.0117086,27.8115735,113.6023239
"Period 4","South-eastern Asia","Southern Asia",8,5029358,628669.8,-0.198689756,114.0117086,26.98419452,71.12322501
"Period 4","South-eastern Asia","Western Asia",8,3856252,482031.5,-0.198689756,114.0117086,27.67000493,43.59334869
"Period 4","Southern Asia","Africa",8,1001270,125158.8,26.98419452,71.12322501,6.009334615,18.09028353
"Period 4","Southern Asia","Europe",8,5689020,711127.5,26.98419452,71.12322501,49.72535164,12.63523685
"Period 4","Southern Asia","Japan/Korea",8,609013,76126.6,26.98419452,71.12322501,37.01238814,139.9873982
"Period 4","Southern Asia","North America",8,3414921,426865.1,26.98419452,71.12322501,49.89877748,-99.95689093
"Period 4","Southern Asia","North China",8,193962,24245.2,26.98419452,71.12322501,38.0616808,100.6754211
"Period 4","Southern Asia","Oceania",8,931122,116390.2,26.98419452,71.12322501,-24.65995717,135.7238172
"Period 4","Southern Asia","Russia",8,384006,48000.8,26.98419452,71.12322501,59.80038836,94.30046611
"Period 4","Southern Asia","South America",8,63596,7949.5,26.98419452,71.12322501,-13.71835705,-59.77519088
"Period 4","Southern Asia","South China",8,763494,95436.8,26.98419452,71.12322501,27.8115735,113.6023239
"Period 4","Southern Asia","South-eastern Asia",8,4958182,619772.8,26.98419452,71.12322501,-0.198689756,114.0117086
"Period 4","Southern Asia","Western Asia",8,17395949,2174493.6,26.98419452,71.12322501,27.67000493,43.59334869
"Period 4","Western Asia","Africa",8,10412629,1301578.6,27.67000493,43.59334869,6.009334615,18.09028353
"Period 4","Western Asia","Europe",8,30889968,3861246,27.67000493,43.59334869,49.72535164,12.63523685
"Period 4","Western Asia","Japan/Korea",8,424901,53112.6,27.67000493,43.59334869,37.01238814,139.9873982
"Period 4","Western Asia","North America",8,3375231,421903.9,27.67000493,43.59334869,49.89877748,-99.95689093
"Period 4","Western Asia","North China",8,339450,42431.2,27.67000493,43.59334869,38.0616808,100.6754211
"Period 4","Western Asia","Oceania",8,478679,59834.9,27.67000493,43.59334869,-24.65995717,135.7238172
"Period 4","Western Asia","Russia",8,5114737,639342.1,27.67000493,43.59334869,59.80038836,94.30046611
"Period 4","Western Asia","South America",8,348372,43546.5,27.67000493,43.59334869,-13.71835705,-59.77519088
"Period 4","Western Asia","South China",8,781175,97646.9,27.67000493,43.59334869,27.8115735,113.6023239
"Period 4","Western Asia","South-eastern Asia",8,3813560,476695,27.67000493,43.59334869,-0.198689756,114.0117086
"Period 4","Western Asia","Southern Asia",8,17996525,2249565.6,27.67000493,43.59334869,26.98419452,71.12322501
