"test","h1n1_num","h1n1_num_LL","h1n1_num_UL","h3n2_num","h3n2_num_LL","h3n2_num_UL","date","h1n1_num_roll","h1n1_num_roll_LL","h1n1_num_roll_UL","h3n2_num_roll","h3n2_num_roll_LL","h3n2_num_roll_UL","test_roll","diff"
84211,500.218282775775,246.677148288994,887.065120859054,16388.2817172242,16001.5681249801,16641.7359110241,"2016-12-19",489.75059147778,282.026503010704,824.137532188212,15691.4776854,15357.1348212135,15899.1795616447,84337.4,7
94197,630.915124581323,349.400833663021,1043.89146970382,21537.9405455218,21125.0142497294,21819.4099361975,"2016-12-26",566.871681017193,359.64322572988,906.449899588763,19170.1994530034,18830.6578934657,19377.4015401048,93460,7
104311,693.873697470152,502.728632829746,1030.26495494595,22342.1263025298,22005.735045054,22533.2713671703,"2017-01-02",667.217495383727,449.721934834085,1029.73265670193,21780.0536386369,21417.5751363526,21997.5228310006,100159,7
110690,678.088137162727,523.301682114101,970.433934253528,24723.9118628373,24431.5660657465,24878.6983178859,"2017-01-09",750.99104126587,537.681759313656,1107.431553706,23106.1800927547,22749.7495901807,23319.4803946585,104710.4,7
107386,832.992234928656,626.501377274562,1217.00780374728,23908.0077650713,23523.9921962527,24114.4986227254,"2017-01-16",864.509186966333,637.92154215949,1243.8514175279,23543.8908130337,23164.5485824721,23770.4784578405,108126.4,7
106968,919.08601218649,686.476270686847,1275.5596058794,23018.9139878135,22662.4403941206,23251.5237293132,"2017-01-23",970.526736219902,731.493610276415,1360.82932566631,23821.0732637801,23430.7706743337,24060.1063897236,110253.6,7
111277,1198.50585308364,850.599747892191,1725.99078881334,23726.4941469164,23199.0092111867,24074.4002521078,"2017-01-30",1097.56592276158,838.441699202472,1510.76288866082,23238.4340772384,22825.2371113392,23497.5583007975,110798.2,7
114947,1223.961443738,970.588973414371,1615.154495638,23728.038556262,23336.845504362,23981.4110265856,"2017-02-06",1251.39774258763,955.182354693945,1694.83668618657,22182.8022574124,21739.3633138134,22479.0176453061,110695.8,7
113413,1313.28406987113,1058.04212674439,1720.10174922608,21810.7159301289,21403.8982507739,22065.9578732556,"2017-02-13",1393.67166103525,1095.98547165314,1846.41520132795,20198.5283389647,19745.7847986721,20496.2145283469,108768.4,7
106874,1602.15133405887,1210.20465473193,2137.37679137603,18629.8486659411,18094.623208624,19021.7953452681,"2017-02-20",1489.11545935589,1222.6616063429,1894.42657681439,17497.2845406441,17091.9734231856,17763.7383936571,104580.2,7
97331,1630.45560442462,1390.49185548284,2033.4521815863,13097.5443955754,12694.5478184137,13337.5081445172,"2017-02-27",1527.60330658842,1277.18630561532,1908.75101116918,14321.9966934116,13940.8489888308,14572.4136943847,98449.2,7
90336,1675.72484468684,1483.98042134099,1966.04766624555,10220.2751553132,9929.95233375445,10412.019578659,"2017-03-06",1532.11313158616,1307.32218896096,1871.35443522456,11229.0868684138,10889.8455647754,11453.877811039,91747.8,7
84292,1416.40067990067,1243.21246977645,1686.77666741195,7851.59932009933,7581.22333258805,8024.78753022355,"2017-03-13",1474.38937584452,1276.86579939844,1761.28773792293,8495.41062415549,8208.51226207707,8692.93420060156,85736.4,7
79906,1335.83319485981,1208.72154347257,1533.11886950296,6346.16680514019,6148.88113049704,6473.27845652743,"2017-03-20",1368.93131503851,1195.98309718023,1606.71272704252,6541.26868496149,6303.48727295748,6714.21690281977,80121.8,7
76817,1313.53255535064,1057.92270691935,1587.04330486792,4961.46744464936,4687.95669513208,5217.07729308065,"2017-03-27",1212.94017700103,1050.54664919427,1423.20939305681,4970.05982299896,4759.79060694319,5132.45335080573,74173.2,7
69258,1103.16530039459,986.078344391765,1260.57712718422,3326.83469960541,3169.42287281578,3443.92165560824,"2017-04-03",1091.82035768368,939.860231118017,1274.64850929871,3747.17964231632,3564.35149070129,3899.13976888198,68612.4,7
60593,895.769154499463,756.798181411224,1048.53099631701,2364.23084550054,2211.46900368299,2503.20181858878,"2017-04-10",993.277596271717,853.936697187022,1150.3436210623,2756.52240372828,2599.4563789377,2895.86330281298,63118.6,7
56488,810.80158331388,689.780379395179,943.972248621457,1737.19841668612,1604.02775137854,1858.21962060482,"2017-04-17",855.598007536011,760.113427185006,966.674349444509,2006.20199246399,1895.12565055549,2101.686572815,56869.4,7
52437,843.11938780001,779.103873817588,911.59442832091,1392.88061219999,1324.40557167909,1456.89612618241,"2017-04-24",763.654154642824,684.448682491977,851.52476503558,1605.94584535718,1518.07523496442,1685.15131750802,52163.4,7
45571,625.134611672112,588.806356909275,668.696946778953,1209.86538832789,1166.30305322105,1246.19364309073,"2017-05-01",699.165227665717,640.152288363014,765.478573414968,1445.03477233428,1378.72142658503,1504.04771163699,49035,7
45728,643.446035928655,607.754620926619,684.829205139574,1325.55396407135,1284.17079486043,1361.24537907338,"2017-05-08",648.861283686553,604.45167351945,699.847074698995,1422.33871631345,1371.35292530101,1466.74832648055,46713.4,7
44951,573.32451961393,535.316210766409,618.300038213944,1559.67548038607,1514.69996178606,1597.68378923359,"2017-05-15",583.56426033001,546.819059945656,628.156403846676,1526.83573966999,1482.24359615332,1563.58094005435,44509.6,7
44880,559.281863418061,511.277305177358,615.814755041594,1623.71813658194,1567.18524495841,1671.72269482264,"2017-05-22",550.015783459741,515.902031262861,591.993270385126,1722.58421654026,1680.60672961487,1756.69796873714,43239.4,7
41418,516.634271017296,490.940805948621,553.141074059317,1915.3657289827,1878.85892594068,1941.05919405138,"2017-05-29",495.780658016096,463.936952585848,535.110464400692,1945.2193419839,1905.88953559931,1977.06304741415,41761.2,7
39220,457.392227320763,434.221213495299,487.881279471203,2188.60777267924,2158.1187205288,2211.7787865047,"2017-06-05",455.674911445008,425.981576405846,492.183403438154,2183.32508855499,2146.81659656185,2213.01842359416,40009.2,7
38337,372.270408710431,347.929227541554,400.415175217403,2438.72959128957,2410.5848247826,2463.07077245845,"2017-06-12",426.062044941207,400.061117146784,458.19847310005,2501.73795505879,2469.60152689995,2527.73888285322,38194.6,7
36191,372.795786758492,345.539329866399,403.664733401252,2750.20421324151,2719.33526659875,2777.4606701336,"2017-06-19",428.965118744647,401.418509578951,461.610902306371,2826.83488125535,2794.18909769363,2854.38149042105,37005.8,7
35807,411.217530899053,381.675008882047,445.890103351075,3215.78246910095,3181.10989664893,3245.32499111795,"2017-06-26",432.870816592953,403.543842536182,467.36677314627,3208.92918340705,3174.43322685373,3238.25615746382,36310.6,7
35474,531.149640034495,497.727768109457,570.203220090924,3540.85035996551,3501.79677990908,3574.27223189054,"2017-07-03",466.117151166991,432.294706442193,505.996804808262,3542.48284883301,3502.60319519174,3576.30529355781,35455.6,7
35744,476.920716562296,444.847878281454,516.660633670698,4099.0792834377,4059.3393663293,4131.15212171855,"2017-07-10",482.837927034957,446.411683998878,526.81545968625,3751.36207296504,3707.38454031375,3787.78831600112,34733.8,7
34062,538.502081580618,491.683547071605,593.565333527364,4106.49791841938,4051.43466647264,4153.31645292839,"2017-07-17",546.300542460284,506.428936686563,594.982442344347,3713.09945753972,3664.41755765565,3752.97106331344,33962.6,7
32582,456.399666098323,416.124217649826,507.758007791189,3794.60033390168,3743.24199220881,3834.87578235017,"2017-07-24",619.688679892589,578.273585174352,671.384506178434,3569.08274867884,3517.39785416849,3610.49445670443,33215.6,7
31951,728.530608025685,681.761272320473,786.72501664156,3024.46939197431,2966.27498335844,3071.23872767953,"2017-07-31",684.885570651637,640.281661378731,739.96396824749,3215.48585791979,3160.41839209943,3260.08638050006,32507,7
31739,898.090327196021,856.9510105484,952.213539261361,2820.76681566112,2766.69826247324,2861.88919884553,"2017-08-07",691.734284616115,648.749117382276,745.636416122812,2847.83714395531,2793.94594422411,2890.81892449651,32153.2,7
32201,802.905170357539,754.888259303349,859.557944015978,2331.09482964246,2274.44205598402,2379.11174069665,"2017-08-14",712.109934665568,669.497436319482,764.57376974627,2509.06149390586,2456.60859060065,2551.6706055593,32142.6,7
32293,572.745651403005,534.02082708933,621.927572903972,2268.25434859699,2219.07242709603,2306.97917291067,"2017-08-21",667.773705352172,628.980915149423,714.873229358098,2255.39772321926,2208.30913098882,2294.18712672936,32214.8,7
32529,558.277916345589,519.865812335859,602.444775908479,2100.72208365441,2056.55522409152,2139.13418766414,"2017-08-28",587.73374788635,551.124392397275,631.142683970132,2159.86625211365,2116.45731602987,2196.47560760273,33344.6,7
32312,506.849461458706,479.178666470179,538.222314700703,1756.15053854129,1724.7776852993,1783.82133352982,"2017-09-04",492.787808831203,460.46642831868,530.980067644585,2038.0121911688,1999.81993235541,2070.33357168132,34417.8,7
37388,497.890539866911,467.668396787658,533.56081232153,2343.10946013309,2307.43918767847,2373.33160321234,"2017-09-11",472.001462386782,442.055901525447,506.309393468252,1908.59853761322,1874.29060653175,1938.54409847456,36141.2,7
37567,328.175475081802,301.598438910375,358.744862388243,1721.8245249182,1691.25513761176,1748.40156108962,"2017-09-18",482.764911817026,454.324572396267,515.23454809842,1717.03508818297,1684.56545190158,1745.47542760373,38272.4,7
40910,468.813919180904,441.968193123161,498.574202022307,1621.1860808191,1591.42579797769,1648.03180687684,"2017-09-25",510.091877779681,481.803421598257,542.847908543569,1643.90812222032,1611.15209145643,1672.19657840174,42092.8,7
43185,612.095163496807,581.20916668996,647.070549059319,1142.90483650319,1107.92945094068,1173.79083331004,"2017-10-02",530.743077666274,504.827731793261,560.8903361519,1442.65692233373,1412.5096638481,1468.57226820674,45087.6,7
51414,643.484291271979,616.572912480131,676.289116926448,1390.51570872802,1357.71088307355,1417.42708751987,"2017-10-09",643.124485218681,616.212639780952,674.700138571451,1390.47551478132,1358.89986142855,1417.38736021905,48579.6,7
52362,601.146539299875,582.789947762679,623.772950363183,1336.85346070012,1314.22704963682,1355.21005223732,"2017-10-16",735.303379788986,706.664368444708,768.51536983215,1394.89662021101,1361.68463016785,1423.53563155529,52078.4,7
55027,890.08251284384,858.52297884883,927.793874486001,1460.91748715616,1423.206125514,1492.47702115117,"2017-10-23",857.369334325995,825.176063613507,894.249323416927,1535.630665674,1498.75067658307,1567.82393638649,55809.2,7
58404,929.708392032428,894.22683644194,967.6503583258,1643.29160796757,1605.3496416742,1678.77316355806,"2017-10-30",1008.1917145874,968.911668441564,1052.24381664365,1705.4082854126,1661.35618335635,1744.68833155844,58490.8,7
61839,1222.42493618185,1173.76764253396,1275.7403169832,1846.57506381815,1793.2596830168,1895.23235746604,"2017-11-06",1225.43828220042,1177.48790788529,1281.10508046938,2030.96171779958,1975.29491953062,2078.91209211471,61387.2,7
64822,1397.59619257899,1335.25093662042,1466.26158306005,2239.40380742101,2170.73841693995,2301.74906337958,"2017-11-13",1423.63809801261,1368.71608826482,1485.94586277519,2527.76190198739,2465.45413722481,2582.68391173518,65044.6,7
66844,1687.37937736497,1625.67114498132,1768.07926949186,2964.62062263503,2883.92073050814,3026.32885501868,"2017-11-20",1708.96695666028,1640.97090041827,1786.72046494922,3331.63304333972,3253.87953505078,3399.62909958173,69610.4,7
73314,1881.08159190479,1814.66388074645,1951.99778601503,3944.91840809521,3874.00221398497,4011.33611925355,"2017-11-27",2055.41170855508,1967.93927180533,2154.07014264035,4743.98829144492,4645.32985735965,4831.46072819467,75743,7
81233,2356.35268527079,2255.50089720921,2471.52336919598,5662.64731472921,5547.47663080402,5763.49910279079,"2017-12-04",2669.93603733857,2546.26141889224,2807.6586050137,7440.66396266143,7302.9413949863,7564.33858110777,85159.8,7
92502,2954.64869565588,2808.60949946924,3112.48870543882,8908.35130434412,8750.51129456118,9054.39050053076,"2017-12-11",3472.37168450786,3293.24654982951,3662.24810342873,10759.2283154921,10569.3518965713,10938.3534501705,96294.2,7
111906,4470.21783649645,4226.86167205496,4734.2038949268,15722.7821635036,15458.7961050732,15966.138327945,"2017-12-18",4418.42212754453,4183.73017161668,4663.72786986821,14346.5778724555,14101.2721301318,14581.2698283833,109988.4,7
122516,5699.55761321141,5360.59679966768,6041.02676156702,19557.4423867886,19215.973238433,19896.4032003323,"2017-12-25",5324.79237715164,5038.52890910891,5625.80469778259,17904.0076228484,17602.9953022174,18190.2710908911,124896.6,7
141785,6611.3338070881,6267.08198968233,6959.39661821242,21881.6661929119,21533.6033817876,22225.9180103177,"2018-01-01",6308.2468286544,5972.92455387396,6663.70288167759,20500.9531713456,20145.4971183224,20836.275446126,137923.2,7
155774,6888.20393330638,6529.49458467032,7281.90750876791,23449.7960666936,23056.0924912321,23808.5054153297,"2018-01-08",7189.17474542192,6800.83803860951,7591.00459243942,21835.2252545781,21433.3954075606,22223.5619613905,149101.2,7
157635,7871.92095316965,7480.5877232945,8301.97962491382,21893.0790468303,21463.0203750862,22284.4122767055,"2018-01-15",7816.37949391943,7400.52138403252,8248.19379703448,21993.0205060806,21561.2062029655,22408.8786159675,158996.8,7
167796,8874.85742033405,8366.4290957327,9370.71244873591,22394.1425796659,21898.2875512641,22902.5709042673,"2018-01-22",8270.76533536617,7814.93086353267,8751.67664298731,21339.4346646338,20858.5233570127,21795.2691364673,164986.2,7
171994,8835.58135569895,8359.01352678274,9326.97278454235,20346.418644301,19855.0272154576,20822.9864732173,"2018-01-29",8571.8581053508,8074.85100487154,9103.20901898337,19777.9418946492,19246.5909810166,20274.9489951285,166451.6,7
171732,8883.26301432182,8339.12938718307,9476.81084797654,18613.7369856782,18020.1891520235,19157.8706128169,"2018-02-05",8402.01672782946,7871.98466782919,8960.53172638769,17755.1832721705,17196.6682736123,18285.2153321708,163890.6,7
163101,8393.6677832295,7829.09529136469,9039.56938874825,15642.3322167705,14996.4306112517,16206.9047086353,"2018-02-12",7954.889800625,7405.2503999213,8541.01475228964,15007.710199375,14421.5852477104,15557.3496000787,156637.8,7
144830,7022.71406556297,6466.25603808276,7588.59316193541,11779.285934437,11213.4068380646,12335.7439619172,"2018-02-19",7284.41454139998,6726.72420463653,7888.08038954729,12352.1854586,11748.5196104527,12909.8757953635,145897.4,7
131532,6639.22278431176,6032.75775619325,7273.12757824567,8656.77721568824,8022.87242175433,9263.24224380675,"2018-02-26",6549.27828217903,6003.57677612531,7137.62170673862,9794.92171782097,9206.57829326138,10340.6232238747,133546.8,7
118292,5483.20505957386,4966.38255035886,6062.30097083057,7068.79494042614,6489.69902916943,7585.61744964114,"2018-03-05",5775.36011402136,5240.27677683178,6346.76978888329,7707.23988597864,7135.93109764361,8242.27891448898,121044.8,7
109979,5207.58171821704,4723.39224462697,5724.51743393319,5827.41828178296,5310.48256606681,6311.60775537303,"2018-03-12",5151.28901333636,4642.70826521139,5718.14443707964,6236.46483281749,5669.7860358693,6744.99298393359,109863.4,7
100591,4524.07694244118,4012.59529489707,5085.3097994716,5203.92305755882,4643.19463316285,5715.18316170672,"2018-03-19",4513.83677693896,4027.743164604,5055.29123053231,5210.11706921489,4668.83924241663,5696.15808454098,99762.6,7
88923,3902.35856213796,3478.41347998078,4445.46640291716,4425.41066863127,3882.68152919306,4849.31430914032,"2018-03-26",4002.10519993152,3550.65045513006,4498.37238542294,4333.04864622233,3836.958087526,4784.45079401492,91050,7
81028,3451.96160232475,2957.93225315631,3958.86154550903,3525.03839767525,3018.13845449097,4019.06774684369,"2018-04-02",3398.0569170891,2990.58360797096,3855.5738477117,3580.28581795363,3122.95400700874,3987.69927615928,82022.2,7
74729,2924.54717453665,2580.91900298917,3277.70674528371,2683.45282546335,2330.29325471629,3027.08099701083,"2018-04-09",2879.31324206539,2530.37202246074,3266.36398156897,2809.61282631068,2422.65888017936,3158.52959719593,73608,7
64840,2187.34030400497,1923.05800883146,2510.52474537703,2063.60414043948,1740.46216348052,2327.85016609484,"2018-04-16",2372.50913746027,2075.679517487,2681.15034339588,2094.26308476195,1785.64293193041,2391.07654434545,65958.8,7
58520,1930.35856732263,1711.53736734599,2139.26046875795,1350.55809934403,1141.71899901596,1569.33476688994,"2018-04-23",1910.0690079567,1690.59064698966,2137.75659393357,1518.50321426552,1290.83668139273,1737.96541484279,59176.6,7
50677,1368.33803911234,1204.95095511208,1519.39821205169,848.661960887658,697.601787948311,1012.04904488792,"2018-04-30",1563.38809901745,1399.52579120123,1732.69717977093,1095.58412320477,926.296095555364,1259.43027063122,52982.2,7
47117,1139.7609548069,1032.48790066959,1241.89279819746,646.239045193102,544.107201802537,753.512099330412,"2018-05-07",1291.37384873988,1170.96841012566,1403.74192277172,772.809484593452,660.453970783066,893.206016721532,47685.2,7
43757,1191.1426298404,1125.59472404705,1252.40967447052,568.857370159602,507.590325529483,634.405275952954,"2018-05-14",1104.90374366696,1021.07873204183,1182.00783843524,570.496256333037,493.392161564763,654.321267958175,43360.4,7
38355,827.269052617133,780.271103453572,865.748460380969,449.730947382867,411.251539619031,496.728896546428,"2018-05-21",1073.99979774439,1015.58138162824,1126.84892103614,463.600202255608,410.751078963862,522.018618371757,40504.8,7
36896,998.008041958042,962.088976926844,1030.59004707555,338.991958041958,306.409952924448,374.911023073156,"2018-05-28",1039.04312874471,996.08648691147,1076.3901265251,389.956871255289,352.609873474898,432.913513088532,37869.2,7
36399,1213.81830949949,1177.46420304417,1243.6036250562,314.181690500511,284.396374943804,350.535796955829,"2018-06-04",1020.60531791421,984.96444623961,1052.17213730391,341.994682085793,310.427862696088,377.635553760391,36111,7
33939,964.977609808492,935.013427085713,989.598825642282,278.022390191508,253.401174357718,307.986572914287,"2018-06-11",1045.84372873806,1015.2246929961,1074.6498824638,329.356271261939,300.550117536206,359.975307003897,35310.8,7
34966,1098.95357568788,1069.98452068775,1131.31972836457,329.046424312122,296.680271635435,358.01547931225,"2018-06-18",1047.75208367744,1019.64531781899,1074.3705018984,349.847916322558,323.2294981016,377.954682181013,34363.4,7
34354,953.461106736401,931.572337236042,978.137186180382,386.538893263599,361.862813819618,408.427662763958,"2018-06-25",1009.86630151608,981.830853286843,1037.11542231962,381.133698483923,353.884577680378,409.169146713159,33431.4,7
32159,1007.54981665495,984.192101041263,1029.19314424858,441.450183345052,419.806855751416,464.807898958737,"2018-07-02",1014.64265844784,986.299327241873,1042.19292270969,408.668452663268,381.094501631571,437.067843281887,33185.2,7
31739,1024.38939869267,988.391880383442,1057.3282271623,470.610601307333,437.671772837698,506.608119616558,"2018-07-09",944.449322532352,915.546961617158,970.917606767653,432.80025011722,406.294992654914,461.788855480325,32394.4,7
32708,988.859394467321,957.355796860863,1014.9863275926,415.696161088234,389.450794113681,447.480055757925,"2018-07-16",895.889091533905,866.070931018718,922.6558583533,444.960481115668,418.156741069266,474.864886078765,31335.4,7
31012,747.986896110426,716.222692564177,774.943148654397,449.705411581882,422.682726752148,481.620540304444,"2018-07-23",833.298975143791,801.931939037424,862.15250621967,465.750597505781,436.860093202896,497.203878060059,30907.2,7
29059,710.659951744162,684.192184243844,736.828444108621,447.340048255838,421.171555891379,473.807815756156,"2018-07-30",781.2938111054,751.835327262603,809.379467784542,478.455761544173,450.338241543897,508.041546234295,30611.4,7
30018,694.599234704383,663.497141134792,726.676383580433,545.400765295617,513.323616419567,576.502858865208,"2018-08-06",759.478741128986,729.677570747683,788.709332250446,496.759720409475,467.520952736738,526.632132225457,30224.4,7
30260,764.363578500707,737.908821509336,793.46303498666,534.136421499293,505.062514542706,560.796460487736,"2018-08-13",825.982786894559,792.715280584684,858.481402365467,508.51721310544,476.023707540407,541.825775814732,30692.4,7
30773,879.784044585252,846.567014286263,911.635649922119,507.215955414748,475.364350077881,540.432985713737,"2018-08-20",888.068061575118,853.66867524598,921.573114046787,516.631938424882,483.131995859088,551.072381153436,31976.8,7
33352,1080.50712493829,1031.41124174918,1123.8034992295,508.492875061707,465.196500770496,557.588758250816,"2018-08-27",981.592354592102,945.213843460117,1015.82134301602,504.250502550754,470.041902551154,540.6853486006,33647.8,7
35481,1021.08632514696,988.959157550325,1052.28700251522,487.913674853044,456.71299748478,520.040842449675,"2018-09-03",1052.22346871659,1013.19724149358,1087.97860402309,484.319388426271,448.579531638217,523.360894167725,35432.2,7
38373,1162.2206997893,1121.22298220548,1197.91752842661,483.493585924981,447.873149879901,524.56769610103,"2018-09-10",1103.60917679171,1062.20657986198,1142.00614695749,475.133680351148,436.751988703815,516.551555799326,37859.2,7
39182,1117.51914912312,1077.82581167664,1154.24934002198,434.480850876877,397.750659978022,474.17418832336,"2018-09-17",1135.28255352081,1092.30972296607,1174.88732180422,473.660303622051,434.070813857086,516.648412695228,41474.8,7
42908,1136.71258496087,1091.61370612826,1181.77336459413,461.28741503913,416.22663540587,506.386293871743,"2018-09-24",1194.9535350861,1148.83932612602,1236.39845732085,460.989322056757,419.559678340449,507.118809535286,45249.4,7
51430,1238.87400858377,1181.92695726967,1288.20937346315,501.125991416226,451.79062653685,558.073042730328,"2018-10-01",1241.89936843564,1191.97380147954,1286.79108672795,471.900631564355,427.008913272047,521.826198520458,49043,7
54354,1319.44123297343,1271.60717335004,1359.8426800984,424.558767026574,384.157319901597,472.392826649963,"2018-10-08",1386.76665560306,1331.77708729702,1436.12627648714,519.633344396938,470.273723512862,574.622912702983,53438.4,7
57341,1396.94986653703,1336.89535897311,1449.88067546211,538.05013346297,485.11932453789,598.104641026888,"2018-10-15",1587.6617617887,1528.2736641745,1638.73306441331,527.338238211302,476.266935586689,586.726335825501,57234.2,7
61159,1841.85558496021,1776.84224076401,1900.9252888179,673.144415039792,614.074711182097,738.157759235985,"2018-10-22",1833.87760831771,1768.34543413136,1890.00574593065,555.322391682287,499.194254069349,620.854565868641,60195.4,7
61887,2141.18811588905,2074.09659051567,2194.807304225,499.811884110951,446.192695775003,566.903409484332,"2018-10-29",2143.74487297662,2071.01199127394,2207.06516444875,628.45512702338,565.134835551247,701.188008726062,63144.6,7
66236,2469.95324122885,2382.28580705397,2544.57278104985,641.046758771148,566.427218950152,728.71419294603,"2018-11-05",2537.41931825049,2456.12120373258,2607.71882085826,681.580681749508,611.281179141741,762.878796267421,65913.2,7
69100,2868.77755626796,2784.93995906293,2945.13977268891,790.22244373204,713.860227311089,874.06004093707,"2018-11-12",3033.43611833823,2936.61310929054,3116.4722579047,728.963881661771,645.927742095302,825.786890709458,69290,7
71184,3365.32209290639,3262.44142126632,3453.14895750964,803.677907093611,715.851042490359,906.558578733679,"2018-11-19",3744.33748812963,3606.76024318235,3863.23615045373,935.462511870369,816.563849546269,1073.03975681766,73717.6,7
78043,4321.93958539889,4179.30176855383,4444.6924740501,910.060414601107,787.307525949902,1052.69823144617,"2018-11-26",4918.73099876331,4734.94923915275,5077.78909133949,1222.26900123669,1063.21090866051,1406.05076084725,78657.8,7
84025,5695.69496484606,5424.83225997468,5928.62676697016,1532.30503515394,1299.37323302984,1803.16774002532,"2018-12-03",6854.71059011001,6605.36637767676,7070.44305198951,1708.88940988998,1493.15694801049,1958.23362232324,84941.8,7
90937,8341.92079439726,8023.23078690601,8617.33748547865,2075.07920560274,1799.66251452135,2393.76921309399,"2018-12-10",9251.72790577767,8894.68881948286,9551.57948346788,2351.47209422233,2051.62051653212,2708.51118051714,90910.6,7
100520,12548.6755130015,12137.025651683,12908.409575939,3223.32448699853,2863.590424061,3634.97434831704,"2018-12-17",11641.1730434209,11204.0141434839,12001.8398209517,3081.82695657914,2721.1601790483,3518.98585651605,97921,7
101028,15350.4086712447,14709.0536302968,15858.8311149015,4016.59132875532,3508.16888509849,4657.94636970316,"2018-12-24",14692.2374198628,14194.9897100572,15097.5634027015,3934.96258013722,3529.63659729849,4432.21028994281,106405.6,7
113095,16269.1652736148,15725.9283885593,16695.9941614692,4561.83472638518,4135.00583853081,5105.07161144075,"2018-12-31",17760.4145270189,17178.3103227622,18239.8760100025,5241.78547298112,4762.32398999754,5823.88967723776,114301.2,7
126448,20951.0168470556,20379.7100928409,21407.2446757192,5797.98315294435,5341.75532428077,6369.28990715913,"2019-01-07",20618.2281031208,19946.9301211429,21176.297715589,6834.57189687919,6276.50228441095,7505.86987885706,122041.4,7
130415,23682.8063301778,22939.8338504313,24328.9005219834,8609.19366982222,7963.09947801665,9352.16614956872,"2019-01-14",23477.9081724688,22707.1772033478,24140.271001894,8997.09182753117,8334.72899810604,9767.82279665223,131981.2,7
139221,26837.7433935111,25980.1246435865,27590.5181038719,11187.2566064889,10434.4818961281,12044.8753564135,"2019-01-21",25800.6173931791,24888.4663739697,26603.8231534798,11491.3826068209,10688.1768465202,12403.5336260303,139678.2,7
150727,29648.8090179848,28510.289041321,30678.6975464261,14829.1909820152,13799.3024535739,15967.710958679,"2019-01-28",26745.9421035932,25734.2942396156,27651.9580820416,13931.2578964068,13025.2419179584,14942.9057603844,144972,7
151580,27882.7113771663,26632.3742416688,29013.7549193983,17033.2886228337,15902.2450806017,18283.6257583312,"2019-02-04",26287.638853091,25226.9656304426,27244.4668646426,15893.761146909,14936.9331353574,16954.4343695574,148532.2,7
152917,25677.6403991259,24608.8494210705,26647.9193185285,17997.3596008741,17027.0806814715,19066.1505789295,"2019-02-11",24210.5367536364,23164.5273457469,25168.3831572145,17157.2632463636,16199.4168427855,18203.2726542531,148157,7
148216,21391.2900776672,20403.1908045664,22291.444434988,18421.7099223328,17521.555565012,19409.8091954336,"2019-02-18",20953.43832973,19987.5488871038,21858.5728542781,17500.56167027,16595.4271457219,18466.4511128962,143675,7
137345,16452.2328962378,15667.9332201076,17210.0995667314,17504.7671037622,16746.9004332686,18289.0667798924,"2019-02-25",17602.5243966636,16746.4455388905,18429.5993279769,17396.8756033364,16569.8006720231,18252.9544611095,138233.6,7
128317,13363.3168984527,12625.3967481057,14129.6460317445,16545.6831015473,15779.3539682555,17283.6032518943,"2019-03-04",14050.5594148638,13290.4273997672,14809.7262478111,16461.4405851362,15702.2737521889,17221.5726002328,130551,7
124373,11128.1417118346,10426.8575006024,11868.887287892,16514.8582881654,15774.112712108,17216.1424993976,"2019-03-11",10895.1911933425,10227.4113358485,11578.9338232704,14949.6088066575,14265.8661767296,15617.3886641515,121656.8,7
114504,7917.8154901267,7328.7587254537,8548.55391769959,13320.1845098733,12689.4460823004,13909.2412745463,"2019-03-18",8264.45912266017,7688.23868396427,8880.15351600952,13118.1275440065,12502.4351353864,13694.3476801831,112144.8,7
103745,5614.44897006097,5088.11048497299,6137.48231228459,10862.551029939,10339.5176877154,11388.889515027,"2019-03-25",6072.27067999382,5594.60943751381,6600.37030901053,11102.1159866728,10574.0183423854,11579.7769266335,103134.8,7
89785,3298.57254282588,2972.06996068661,3716.19803042686,8347.36079050745,7929.7452265526,8673.86186005005,"2019-04-01",4183.69355753835,3789.68318224458,4635.01234648228,8645.89310912832,8194.57630491361,9039.90318190276,92576,7
83267,2402.37468512099,2157.2505158534,2730.72999674957,6465.62531487901,6137.27000325043,6710.7494841466,"2019-04-08",2865.3828205239,2545.47904282268,3246.87068512885,6580.40384614276,6198.91796626704,6900.30732132466,83215,7
71579,1685.2560995572,1402.22622425617,2042.09747525079,4233.7439004428,3876.90252474921,4516.77377574383,"2019-04-15",1927.66132581409,1681.10205875579,2238.44167700479,4800.52534085258,4489.7469743911,5047.08430539155,73710,7
67699,1326.26180505449,1107.73802834422,1607.84561093243,2992.73819494551,2711.15438906757,3211.26197165578,"2019-04-22",1450.17466886108,1246.25123343465,1704.01274452346,3475.02533113892,3221.18725547654,3678.94876656535,66863.2,7
56220,925.841496511891,766.22556463854,1095.33727166429,1963.15850348811,1793.66272833571,2122.77443536146,"2019-04-29",1170.87961259049,994.718920923572,1381.22490455349,2530.72038740951,2320.37509544651,2706.88107907643,61168.2,7
55551,911.139258060825,797.815834080942,1044.05336802021,1719.86074193918,1586.94663197979,1833.18416591906,"2019-05-06",1042.44903461957,906.581864087929,1198.83659486922,2056.95096538043,1900.56340513078,2192.81813591207,57002.2,7
54792,1005.89940376805,899.58895329799,1116.79079689973,1744.10059623195,1633.20920310027,1850.41104670201,"2019-05-13",985.092570936773,881.758608129659,1098.21393674359,1806.30742906323,1693.18606325641,1909.64139187034,53254.4,7
50749,1043.10320970261,961.540940077954,1130.15592682944,1864.89679029739,1777.84407317056,1946.45905992205,"2019-05-20",1042.24638130122,960.072443565943,1134.0788977887,1803.15361869878,1711.3211022113,1885.32755643406,51067.4,7
48960,1039.47948664049,983.621748552869,1104.7323203043,1739.52051335951,1674.2676796957,1795.37825144713,"2019-05-27",1140.52392983312,1067.95885289538,1220.38871811117,1866.47607016688,1786.61128188883,1939.04114710462,49333.4,7
45285,1211.61054833414,1157.79474181996,1274.66207688982,1947.38945166586,1884.33792311018,2001.20525818004,"2019-06-03",1217.2222034129,1154.29590336985,1286.94437750565,1884.3777965871,1814.65562249435,1947.30409663016,47098.8,7
46881,1402.52700072032,1337.24788072811,1475.60246963257,2036.47299927968,1963.39753036743,2101.75211927189,"2019-06-10",1272.12900210976,1215.533623805,1335.68645262153,1914.27099789024,1850.71354737847,1970.86637619501,45730.2,7
43619,1389.39077166694,1331.27420567033,1449.56909387214,1833.60922833306,1773.43090612786,1891.72579432967,"2019-06-17",1307.70883391903,1253.02215290814,1368.57361090478,1943.29116608097,1882.42638909522,1997.97784709186,44478.8,7
43906,1317.63720318693,1267.7295422537,1373.86630240884,2014.36279681307,1958.13369759116,2064.2704577463,"2019-06-24",1278.37493165717,1224.44986355802,1337.92309010522,1876.42506834283,1816.87690989478,1930.35013644198,43749,7
42703,1217.37864568681,1171.06439406858,1269.16811172053,1884.62135431319,1832.83188827947,1930.93560593142,"2019-07-01",1208.07016298723,1159.58473562375,1261.87708688308,1780.52983701277,1726.72291311692,1829.01526437625,42595.6,7
41636,1064.94103702486,1014.93329506938,1121.40947289202,1613.05896297514,1556.59052710798,1663.06670493062,"2019-07-08",1081.1006962957,1035.22748319201,1132.77109082302,1665.6993037043,1614.02890917698,1711.57251680799,41288.4,7
41114,1051.00315737061,1012.92224105674,1095.37245352189,1556.99684262939,1512.62754647811,1595.07775894326,"2019-07-15",938.989241569395,894.865222095744,989.437229930908,1492.0107584306,1441.56277006909,1536.13477790426,39765.6,7
37083,754.543438209321,709.487943511642,804.039113571812,1259.45656179068,1209.96088642819,1304.51205648836,"2019-07-22",794.32757280543,751.292359470612,845.312386262242,1354.07242719457,1303.08761373776,1397.10764052939,38684,7
36292,607.079929555379,565.918236772372,657.196997948289,1145.92007044462,1095.80300205171,1187.08176322763,"2019-07-29",687.112079455526,642.534455536633,741.09897451101,1231.88792054447,1177.90102548899,1276.46554446337,37563.2,7
37295,494.070301866992,453.200080942928,548.543893377198,1194.92969813301,1140.4561066228,1235.79991905707,"2019-08-05",595.211958603879,546.593335777043,653.46826155887,1148.18804139612,1089.93173844113,1196.80666422296,36840,7
36032,528.863570275335,471.143775399476,600.342414135862,1002.13642972467,930.657585864138,1059.85622460052,"2019-08-12",561.642450756706,507.509501873548,626.21746365197,1093.95754924329,1029.38253634803,1148.09049812645,37151,7
37498,591.502553112372,533.216642258799,657.218888761191,1138.49744688763,1072.78111123881,1196.7833577412,"2019-08-19",552.438056433465,495.232734647398,620.469516073345,1098.96194356653,1030.93048392666,1156.1672653526,38119.4,7
38638,586.695898973455,514.068773994165,667.785124037312,988.304101026545,907.214875962688,1060.93122600584,"2019-08-26",553.746370022658,495.793803953383,622.794284248851,1093.85362997734,1024.80571575115,1151.80619604662,39038.6,7
41134,561.057957939172,504.534400641622,628.457260055164,1170.94204206083,1103.54273994484,1227.46559935838,"2019-09-02",554.505457349005,496.280102340191,625.529229771658,1116.094542651,1045.07077022834,1174.31989765981,41018.6,7
41891,500.611869812957,456.005427472854,560.167734254725,1169.38813018704,1109.83226574527,1213.99457252715,"2019-09-09",537.548011319853,479.627020154424,610.956090680938,1136.85198868015,1063.44390931906,1194.77297984558,43494.4,7
45932,532.65900690707,473.575267333512,614.017141749899,1113.34099309293,1031.9828582501,1172.42473266649,"2019-09-16",555.690388885382,494.407431558276,633.172991649371,1171.10961111462,1093.62700835063,1232.39256844173,46939.4,7
49877,506.715322966616,449.951231329963,584.353193307591,1242.28467703338,1164.64680669241,1299.04876867004,"2019-09-23",578.240055867767,513.452231708322,660.30688034341,1186.15994413223,1104.09311965659,1250.94776829168,51489,7
55863,677.407786801097,587.970831013428,778.869628879475,1159.5922131989,1058.13037112053,1249.02916898657,"2019-09-30",647.950254927467,575.266929743278,737.478775893249,1185.64974507253,1096.12122410675,1258.33307025672,56290.8,7
63882,673.806292851097,599.758401391851,764.12670352536,1246.1937071489,1155.87329647464,1320.24159860815,"2019-10-07",744.28199860279,667.772975538308,834.291267320936,1209.71800139721,1119.70873267906,1286.22702446169,61277.8,7
65900,849.162865111456,765.078917647636,946.027212003922,1166.83713488854,1069.97278799608,1250.92108235236,"2019-10-14",902.773045375112,818.856630793372,995.991088913125,1208.62695462489,1115.40891108688,1292.54336920663,65427.4,7
70867,1014.31772528368,936.10549630866,1098.07959888833,1233.68227471632,1149.92040111167,1311.89450369134,"2019-10-21",1156.56767398076,1067.12092402605,1252.45294739119,1303.83232601924,1207.94705260881,1393.27907597395,69829.8,7
70625,1299.17055682823,1205.36950760529,1392.85230126854,1236.82944317177,1143.14769873146,1330.63049239471,"2019-10-28",1513.81949637325,1364.84706386856,1664.91602971632,1394.96873892087,1243.87369204993,1543.94099547791,73494,7
77875,1946.38092982936,1829.29229717683,2061.17892126978,1635.61907017064,1520.82107873022,1752.70770282317,"2019-11-04",2014.21743838541,1793.57185925536,2231.87488431189,1618.5707969087,1400.91483745437,1839.21620009111,78605.4,7
82203,2460.06540481352,2088.38910060437,2826.44211515103,1701.87577165707,1335.50649368023,2073.55119612797,"2019-11-11",2643.65831281556,2344.2222326672,2936.54088774315,1975.12992247856,1682.2488340231,2274.56582667927,83044,7
91457,3351.15257517228,2908.70289458167,3780.82148498176,2284.84742482772,1855.17851501824,2727.29710541833,"2019-11-18",3365.53658282799,3006.14492738021,3716.69077732734,2532.05165246613,2180.89894443892,2891.44313196626,89694.8,7
93060,4161.5220974344,3689.35736336783,4621.40961604467,3016.4779025656,2556.59038395533,3488.64263663217,"2019-11-25",4174.49126345718,3755.94997875307,4579.6532533866,3306.69697183694,2901.53646837965,3725.2380805934,96604.8,7
103879,4908.56190689038,4514.98298117037,5293.60174918944,4021.43809310962,3636.39825081056,4415.01701882963,"2019-12-02",5370.37922820328,4948.63976441072,5778.45482364356,4383.62077179672,3975.54517635645,4805.36023558928,105493.2,7
112425,5991.15433297531,5578.31755404111,6375.9913015661,5508.84566702469,5124.0086984339,5921.68244595889,"2019-12-09",6890.19593143386,6477.46083389715,7286.26417201261,5404.40406856614,5008.33582798739,5817.13916610286,112990.8,7
126645,8439.50522854403,8051.83802889262,8820.44996643581,7086.49477145597,6705.55003356419,7474.16197110738,"2019-12-16",8345.07610479148,7952.81635750568,8718.75005656566,6249.92389520852,5876.24994343434,6642.18364249432,121649.8,7
128945,10950.2360913252,10552.8082420138,11319.868226827,7388.76390867481,7019.13177317296,7786.19175798621,"2019-12-23",10307.195073764,9914.74086838149,10676.5246873216,6734.80492623595,6365.47531267839,7127.25913161851,129699.2,7
136355,11435.9229642225,11066.1349814105,11783.8390388099,7244.07703577751,6896.16096119007,7613.8650185895,"2019-12-30",12608.7609120164,12224.2269120976,12970.1455753926,6772.38194512649,6411.02199315054,7156.90615951559,138085.2,7
144126,14719.1567517532,14324.6055355494,15082.4749029692,6445.84324824679,6082.52509703082,6840.39446445057,"2020-01-06",15002.48775538,14598.6431088872,15377.4879791285,6616.85510176282,6241.87958941461,7020.68996272596,143465,7
154355,17498.9835242369,17125.7477726215,17844.095741921,5696.73076147735,5351.74210079464,6069.91758544428,"2020-01-13",17707.1593634344,17281.9290639291,18103.6201137889,6234.98349370841,5838.54745475422,6660.20400768402,150846,7
153544,20408.1394453624,19923.9190128408,20857.1619851154,6308.86055463761,5859.83801488457,6793.08098715922,"2020-01-20",20206.7363134814,19750.7471470451,20632.2103480231,5812.4065436615,5386.95722052004,6268.38592456803,156263.6,7
165850,24473.5941315972,23969.2380172235,24950.528900129,5479.4058684028,5002.47109987102,5983.76198277654,"2020-01-27",21868.3448042277,21385.6770259004,22321.6171217502,5494.19805291512,5040.95044679295,5976.85604571275,158682.8,7
163443,23933.8077144571,23410.2253969905,24426.7902099809,5131.19228554295,4638.20979001914,5654.77460300953,"2020-02-03",22508.8388277221,21989.5500746181,23000.2846392925,5235.31411345433,4743.86588580326,5754.63257426153,157246,7
156222,23027.1992054851,22499.2549298258,23529.5087716046,4854.80079451489,4352.49122839537,5382.74507017417,"2020-02-10",22412.8278861476,21882.2372438143,22919.2672813108,4775.32505502888,4268.88324378498,5305.94540506531,156252.2,7
147171,20701.4536417089,20145.1130162101,21237.4333296328,4402.31106417341,3866.31929584618,4958.80022818821,"2020-02-17",21204.317499659,20666.3485881888,21718.6160096653,4401.03544151752,3886.73451543052,4939.03406069082,154459.8,7
148575,19928.0847374896,19387.3548588219,20452.0751952068,4008.91526251038,3484.9248047932,4549.6451411781,"2020-02-24",19297.5199015212,18761.7674437761,19810.496664987,4008.32192854415,3495.53895694194,4544.02119029795,158397.2,7
156888,18431.042199154,17889.7947390959,18947.2725419013,3607.95780084595,3091.72745809869,4149.2052609041,"2020-03-02",16031.5663726629,15534.9197268963,16503.4288826872,3389.14818467521,2917.5404470759,3885.91645187334,163541.4,7
183130,14399.8197237683,13887.3196749268,14886.1934865895,3167.62472067611,2682.23199757627,3679.71025104515,"2020-03-09",12245.9401056685,11823.3610075561,12648.0890669644,2625.82151049311,2223.92973770286,3048.49252233388,162642.8,7
181943,6697.43156119343,6365.01634542672,6994.1698601056,1758.93207517021,1462.49867906513,2092.22137805115,"2020-03-16",8399.64574563561,8070.43151747285,8709.65483089355,1871.315870526,1561.56397377375,2200.62201241712,156441.4,7
142678,1773.32230673712,1587.31941950908,1960.734251019,585.677693262879,398.265748981003,771.680580490922,"2020-03-23",4784.61968824995,4556.68291989912,4995.98370824669,1165.34192791167,954.23509642061,1393.37060999085,141623.2,7
117568,696.612937325142,622.707408405725,759.904014852342,236.387062674858,173.095985147658,310.292591594275,"2020-03-30",1931.64886979028,1803.78205387131,2047.30884259769,538.823857482452,423.224865236457,666.865490824259,119738,7
82797,355.911912225705,321.051751227272,378.916928667021,78.0880877742947,55.0830713329786,112.948248772728,"2020-04-06",607.879700408732,543.168050901456,667.730131849371,195.920299591268,136.069868150631,260.631949098546,97303.4,7
73704,134.965631469979,122.815344787784,142.819158344489,35.0343685300207,27.1808416555111,47.1846552122157,"2020-04-13",267.815239061308,238.08143504601,291.901492879938,82.584760938692,58.498507120064,112.318564953991,80320.6,7
69770,78.5857142857143,61.9463305774206,96.2763063640023,44.4142857142857,26.7236936359978,61.0536694225794,"2020-04-20",138.199548148004,122.45121609174,150.271132518699,36.8004518519963,24.7288674813023,52.5487839082612,68577.6,7
57764,73,61.8863402318506,81.5910561718323,19,10.4089438281677,30.1136597681494,"2020-04-27",76.1094733951702,66.1067473660001,84.6349126261369,22.8905266048297,14.3650873738647,32.8932526340016,63230.8,7
58853,48.5344827586207,44.5563136343753,51.7522130461506,7.46551724137931,4.24778695384938,11.4436863656247,"2020-05-04",51.4496804345077,42.8253011850449,59.4185651338205,16.9503195654922,8.98143486618114,25.5746988149568,58168.6,7
56063,45.4615384615385,39.32940759857,50.7358292042097,8.53846153846154,3.26417079579035,14.67059240143,"2020-05-11",38.5325375773649,31.5538779076748,44.2998578471646,10.0674624226351,4.30014215283697,17.0461220923268,53572.6,7
48393,11.6666666666667,6.40811388300842,16.7374208829066,5.33333333333333,0.262579117093425,10.5918861169916,"2020-05-18",27.3192042440315,21.3881798304768,32.4975000509126,8.48079575596839,3.30249994908901,14.4118201695249,51233.4,7
46790,14,5.58921419057029,20.6827699307231,10,3.3172300692769,18.4107858094297,"2020-05-25",20.5123076923074,14.1765220930169,25.9094150309143,9.08769230769253,3.6905849690873,15.4234779069848,48400.4,7
46068,16.9333333333333,11.0578498458605,22.5792671905722,11.0666666666667,5.42073280942784,16.9421501541395,"2020-06-01",13.9199999999997,7.38564057330289,19.6872491900724,9.68000000000022,3.91275080992923,16.2143594266988,46186.2,7
44688,14.5,8.49802494707577,18.8117879461592,10.5,6.18821205384083,16.5019750529242,"2020-06-08",12.9866666666664,6.1740177967012,19.0697650134911,10.4133333333336,4.33023498651054,17.2259822033005,46342.8,7
44992,12.5,5.375,19.625,11.5,4.375,18.625,"2020-06-15",12.9199999999997,6.54779773518883,18.8706952039278,10.4800000000002,4.52930479607385,16.8522022648128,47414.6,7
49176,7,0.35,13.65,9,2.35,15.65,"2020-06-22",11.133333333333,5.17622776601673,16.7148417658133,9.46666666666689,3.88515823418828,15.4237722339849,49055.4,7
52149,13.6666666666667,7.45811388300842,19.6874208829066,10.3333333333333,4.31257911709343,16.5418861169916,"2020-06-29",10.633333333333,4.35662277660158,16.8724841765815,9.56666666666689,3.32751582342011,15.8433772234001,52563.6,7
54272,8,4.2,11.8,6,2.2,9.8,"2020-07-06",10.633333333333,5.11662277660158,16.1124841765815,9.96666666666689,4.48751582342011,15.4833772234001,57333.2,7
62229,12,4.4,19.6,11,3.4,18.6,"2020-07-13",10.833333333333,6.26662277660158,15.3624841765815,9.36666666666689,4.83751582342011,13.9333772234001,61968.6,7
68840,12.5,9.175,15.825,13.5,10.175,16.825,"2020-07-20",9.59999999999969,5.4199999999999,13.7800000000002,10.4000000000002,6.22000000000143,14.5800000000018,68038.4,7
72353,8,6.1,9.9,6,4.1,7.9,"2020-07-27",10.6666666666664,6.66324555320326,14.5949683531628,11.9333333333336,8.0050316468388,15.9367544467984,73107.4,7
82498,7.5,3.225,11.775,15.5,11.225,19.775,"2020-08-03",9.93333333333303,6.81576137662195,13.0133455765611,13.2666666666669,10.1866544234405,16.3842386233797,76171.4,7
79617,13.3333333333333,10.4162277660168,15.8748417658131,13.6666666666667,11.1251582341869,16.5837722339832,"2020-08-10",9.03333333333303,5.82076137662195,12.2083455765611,14.5666666666669,11.3916544234405,17.7792386233797,76711.2,7
77549,8.33333333333333,5.16257911709342,11.6918861169916,17.6666666666667,14.3081138830084,20.8374208829066,"2020-08-17",10.833333333333,7.05076137662195,14.5783455765611,26.1666666666669,22.4216544234405,29.9492386233797,76634.4,7
71539,8,4.2,11.8,20,16.2,23.8,"2020-08-24",11.1666666666664,7.24696141032206,15.5382370073619,37.6333333333336,33.2617629926397,41.5530385896796,73495.8,7
71969,17,12.25,21.75,64,59.25,68.75,"2020-08-31",10.7999999999997,5.6587158571187,16.4682686541993,52.6000000000002,46.9317313458023,57.741284142883,72643.2,7
66805,9.16666666666667,4.20600016850057,16.574457154004,72.8333333333333,65.425542845996,77.7939998314994,"2020-09-07",11.033333333333,5.10120003370001,17.454891430801,64.1666666666669,57.7451085692006,70.0987999663017,71433.2,7
75354,11.5,2.475,20.525,88.5,79.475,97.525,"2020-09-14",15.8366666666664,7.89901026204881,24.1353906300926,81.9633333333336,73.664609369909,89.9009897379529,75831,7
71499,9.5,2.375,16.625,75.5,68.375,82.625,"2020-09-21",20.7080952380949,10.8097851516122,30.715377329056,91.091904761905,81.0846226709456,100.990214848389,80358,7
93528,32.0166666666667,18.189051141744,45.2024959964579,108.983333333333,95.7975040035421,122.810948858256,"2020-09-28",22.7414285714283,10.7065756438913,35.560179823603,100.058571428572,87.2398201763986,112.09342435611,84942.2,7
94604,41.3571428571429,26.8038744478169,54.6499334948172,109.642857142857,96.3500665051828,124.196125552183,"2020-10-05",27.5664285714283,13.8806026897297,41.7855451253758,100.033571428572,85.8144548746258,113.719397310272,91486.2,7
89726,19.3333333333333,3.68995262989618,40.798469626739,117.666666666667,96.201530373261,133.310047370104,"2020-10-12",29.3997619047616,14.8985615688716,45.523484603927,100.200238095238,84.0765153960746,114.70143843113,100931.2,7
108074,35.625,18.3451352291922,51.651826508864,88.375,72.348173491136,105.654864770808,"2020-10-19",28.6964285714283,14.3663209835955,46.1295654469748,94.5035714285716,77.0704345530268,108.833679016406,108030.2,7
118724,18.6666666666667,7.46479439570933,35.3146973927558,76.3333333333333,59.6853026072442,87.5352056042907,"2020-10-26",28.5694444444441,13.9529133732339,46.7554411269424,88.4305555555558,70.2445588730592,103.047086626768,120233.4,7
129023,28.5,15.5278482153633,48.2329002116969,80.5,60.7670997883031,93.4721517846367,"2020-11-02",28.8294444444441,15.5252841183934,46.0816636432263,81.1705555555558,63.9183363567754,94.4747158816083,131150.6,7
155620,40.7222222222222,24.736836396009,57.7793118946552,79.2777777777778,62.2206881053448,95.263163603991,"2020-11-09",27.9244444444441,15.1845234853453,44.0167703306562,77.6755555555558,61.5832296693454,90.4154765146563,136491.6,7
144312,20.6333333333333,11.5518063556935,37.4295822081584,81.3666666666667,64.5704177918416,90.4481936443065,"2020-11-16",33.0777777777775,18.280293045936,49.8781661258248,76.5222222222224,59.7218338741768,91.3197069540657,152108,7
134779,31.1,16.641332063952,41.3273599460138,70.9,60.6726400539862,85.358667936048,"2020-11-23",33.5087301587299,18.8800262570672,48.8613088424155,73.2912698412701,57.9386911575861,87.9199737429345,166651.6,7
196806,44.4333333333333,22.9436421986626,64.6216763685985,70.5666666666667,50.3783236314015,92.0563578013374,"2020-11-30",31.7642857142854,16.1526589778654,47.8854464634844,72.8357142857145,56.7145535365172,88.4473410221363,175910,7
201741,30.6547619047619,18.5265142710194,43.1486137946504,64.3452380952381,51.8513862053496,76.4734857289806,"2020-12-07",35.3376190476187,17.6472977067267,51.9945300218527,65.8623809523812,49.2054699781489,83.552702293275,178877.4,7
201912,32,11.1,52.9,77,56.1,97.9,"2020-12-14",34.9576190476187,16.6846877789802,53.0851363673713,61.8423809523812,43.7148636326303,80.1153122210215,174463.6,7
159149,38.5,19.025,57.975,46.5,27.025,65.975,"2020-12-21",38.9376190476187,21.2884751626664,56.7391783170499,61.4623809523812,43.6608216829517,79.1115248373353,162629.2,7
112710,29.2,11.8282824252196,46.7803916736066,50.8,33.2196083263934,68.1717175747804,"2020-12-28",42.0066666666664,23.9331723084625,60.1594555581198,59.5933333333336,41.4405444418818,77.6668276915392,150328,7
137634,64.3333333333333,45.9625791170934,82.8918861169916,68.6666666666667,50.1081138830084,87.0374208829066,"2021-01-04",40.673333333333,25.01020649395,57.3547475430574,55.9266666666669,39.2452524569442,71.5897935060517,137018,7
140235,46,31.75,60.25,55,40.75,69.25,"2021-01-11",43.6399999999997,30.2579253663736,57.5145260151958,53.7600000000002,39.8854739848058,67.1420746336281,131817.8,7
135362,25.3333333333333,16.4851709274375,38.8764599246877,58.6666666666667,45.1235400753123,67.5148290725625,"2021-01-18",49.533333333333,37.0538916579313,62.4259318570558,55.2666666666669,42.3740681429459,67.7461083420703,136292.4,7
133148,53.3333333333333,45.2635943621179,58.7738923606921,35.6666666666667,30.226107639308,43.7364056378821,"2021-01-25",43.9666666666664,33.1663758345126,55.1425546336574,52.4333333333336,41.2574453663442,63.233624165489,136659.8,7
135083,58.6666666666667,45.8081138830084,71.3374208829066,58.3333333333333,45.6625791170934,71.1918861169916,"2021-02-01",44.8999999999997,34.5679986111143,55.5700388102387,50.1000000000002,39.4299611897628,60.4320013888873,136101.4,7
139471,36.5,26.525,46.475,54.5,44.525,64.475,"2021-02-08",47.833333333333,37.2404419922077,57.8252692587203,54.3666666666669,44.3747307412813,64.9595580077939,137505.6,7
137443,50.6666666666667,38.7581138830084,62.3874208829066,43.3333333333333,31.6125791170934,55.2418861169916,"2021-02-15",46.833333333333,36.0802389432028,57.5488680099802,63.3666666666669,52.6511319900214,74.1197610567988,138605.6,7
142383,40,29.8473878329044,50.1526121670956,80,69.8473878329044,90.1526121670956,"2021-02-22",43.853333333333,33.4551424195774,53.6783840820759,61.9066666666669,52.0688506265584,72.3304484814896,139886,7
138648,48.3333333333333,39.4625791170934,57.3918861169916,80.6666666666667,71.6081138830084,89.5374208829066,"2021-03-01",43.3199999999997,32.6426374274898,54.6284302840674,63.8400000000002,52.5188044245669,74.5429534735773,140862,7
141485,43.7666666666667,32.6826312648813,51.9850012433851,51.0333333333333,42.7511722997785,62.2453232404456,"2021-03-08",37.2866666666664,27.3760146508881,47.8659461074861,66.8733333333335,56.2812886011482,76.809576250179,142988.4,7
144351,33.8333333333333,22.4624750395617,51.2252310099574,64.1666666666667,46.7747689900426,75.5375249604383,"2021-03-15",32.8866666666664,23.1065370843072,43.335423674067,60.0733333333336,49.6118110345673,69.8790538167599,142883.8,7
148075,20.5,12.425,28.575,58.5,50.425,66.575,"2021-03-22",28.3866666666664,18.7602806737427,38.3436426632785,54.3733333333335,44.4035920453559,64.0253102273244,143259.8,7
141860,18,8.5,27.5,46,36.5,55.5,"2021-03-29",25.0666666666664,16.0637920507704,35.1610700186825,59.9333333333336,49.8389299813191,68.9362079492313,143219.4,7
140528,25.8333333333333,17.731297064271,32.4329810630489,52.1666666666667,45.5670189369511,60.268702935729,"2021-04-05",22.1999999999997,13.8562970428581,30.431023816691,53.8000000000002,45.5689761833106,62.1437029571436,143200.2,7
141283,27.1666666666667,19.2001881500198,36.0721380204052,78.8333333333333,69.9278619795948,86.7998118499802,"2021-04-12",22.9999999999997,14.2762970428581,31.611023816691,48.6000000000002,39.9889761833106,57.3237029571436,139817,7
144255,19.5,11.425,27.575,33.5,25.425,41.575,"2021-04-19",23.6666666666664,15.6388128662768,31.6194010400893,49.7333333333336,41.7805989599123,57.7611871337249,136726,7
131159,24.5,14.525,34.475,32.5,22.525,42.475,"2021-04-26",21.2999999999997,12.9925534534225,29.8328048274795,44.3000000000002,35.7671951725221,52.6074465465791,133879.4,7
126405,21.3333333333333,15.3125791170934,27.5418861169916,51.6666666666667,45.4581138830084,57.6874208829066,"2021-05-03",21.6666666666664,12.2925158234186,31.0783772233985,36.7333333333336,27.3216227766031,46.1074841765831,129504.4,7
126295,14,4.5,23.5,25,15.5,34.5,"2021-05-10",21.9666666666664,12.6875158234186,31.2833772233985,36.2333333333336,26.9166227766031,45.5124841765831,121212.2,7
119408,29,15.7,42.3,41,27.7,54.3,"2021-05-17",22.5666666666664,13.8921208128337,30.9407348126303,42.0333333333336,33.6592651873713,50.7078791871679,113764.8,7
102794,21,13.4,28.6,31,23.4,38.6,"2021-05-24",27.3999999999997,18.3146049894151,36.147357589232,37.0000000000002,28.2526424107696,46.0853950105866,106297,7
93922,27.5,20.5480249470758,32.7617879461592,61.5,56.2382120538408,68.4519750529242,"2021-05-31",30.3999999999997,21.1246049894151,39.337357589232,39.0000000000002,30.0626424107696,48.2753950105866,100739.8,7
89066,45.5,37.425,53.575,26.5,18.425,34.575,"2021-06-07",31.6999999999997,23.3890783086353,39.2221677082078,34.9000000000002,27.3778322917938,43.2109216913664,96990,7
98509,29,18.55,39.45,35,24.55,45.45,"2021-06-14",39.3999999999997,31.9440783086353,46.0671677082078,37.8000000000002,31.1328322917938,45.2559216913664,96569.8,7
100659,35.5,27.022366596101,41.7240505948789,20.5,14.2759494051211,28.977633403899,"2021-06-21",44.2999999999997,37.5576325080804,50.5916509301157,47.9000000000002,41.6083490698859,54.6423674919213,95169,7
100693,59.5,56.175,62.825,45.5,42.175,48.825,"2021-06-28",46.3599999999997,40.6902990050676,52.1632719098418,71.4400000000002,65.6367280901598,77.1097009949341,95613.4,7
86918,52,48.6157959443015,55.3842040556985,112,108.615795944301,115.384204055699,"2021-07-05",48.7099999999997,44.0337027637272,53.7358701360205,100.69,95.6641298639811,105.366297236274,98786,7
91288,55.8,53.0883324849359,61.4331048986306,144.2,138.566895101369,146.911667515064,"2021-07-12",53.1099999999997,48.6805478222276,58.3397416393241,143.09,137.860258360677,147.519452177774,100486,7
114372,40.75,35.2670187932981,47.3129911308936,181.25,174.687008869106,186.732981206702,"2021-07-19",47.5349999999997,42.5114454037126,54.1224166869731,209.665,203.077583313028,214.688554596289,104953.8,7
109159,57.5,50.256591888603,64.743408111397,232.5,225.256591888603,239.743408111397,"2021-07-26",48.0921428571425,42.8572229675301,55.2760971108589,298.107857142857,290.923902889143,303.342777032472,113258.6,7
123032,31.625,25.3294879074251,41.7383752382449,378.375,368.261624761755,384.670512092575,"2021-08-02",46.9321428571426,41.468484860172,54.3865700379822,385.267857142857,377.813429962019,390.73151513983,127024.4,7
128442,54.7857142857143,50.3446837633889,61.1526061751273,554.214285714286,547.847393824873,558.655316236611,"2021-08-09",52.3565018315015,45.9944737005522,59.9259206608977,439.843498168498,432.274079339104,446.20552629945,136667.4,7
160117,50,46.1446419481456,56.9854695342471,580,573.014530465753,583.855358051854,"2021-08-16",53.2071684981682,45.1422051536513,62.4790391704086,485.592831501832,476.320960829593,493.65779484635,145332.8,7
162587,67.8717948717949,57.8969629951988,75.0097442454712,454.128205128205,446.990255754529,464.103037004801,"2021-08-23",60.9155018315015,51.6038866892597,70.8582502397512,479.484498168498,469.54174976025,488.796113310742,152662.4,7
152486,61.7533333333333,45.9952491540986,77.5090006589517,461.246666666667,445.490999341048,477.004750845901,"2021-08-30",69.4998741258738,58.3447662852397,81.3275372719944,428.700125874126,416.872462728007,439.855233714762,160389.6,7
159680,70.1666666666667,57.6378955854671,83.6344305849579,347.833333333333,334.365569415042,360.362104414533,"2021-09-06",84.1055691715689,71.2984825151208,97.071116884706,377.094430828431,364.128883115296,389.901517484881,162756.2,7
167078,97.7075757575758,84.0490817432886,113.499041336343,300.292424242424,284.500958663657,313.950918256711,"2021-09-13",91.7692016502013,79.2285890764958,106.445564348908,371.030798349799,356.354435651093,383.571410923506,165884.4,7
171950,123.028475228475,110.913223097551,135.703367597805,321.971524771525,309.296632402195,334.086776902449,"2021-09-20",108.496791708084,96.6415451788702,123.03770132662,374.703208291916,360.162298673382,386.558454821131,176614.8,7
178228,106.189957264957,97.5474958020736,121.881981566483,423.810042735043,408.118018433517,432.452504197926,"2021-09-27",127.035848771031,115.366986083689,141.809119373207,405.564151228969,390.790880626794,417.233013916313,186057,7
206138,145.391283622744,133.060029665971,160.469685547509,479.608716377256,464.530314452491,491.939970334029,"2021-10-04",139.087200697971,126.51632822634,154.473383284473,441.912799302029,426.526616715529,454.483671773662,204048.4,7
206891,162.861951981403,151.265100109561,177.491520817895,502.138048018597,487.508479182105,513.734899890439,"2021-10-11",139.43809837328,124.556299200904,158.133196218276,490.36190162672,471.666803781726,505.243700799097,223595.8,7
257035,157.964335392277,139.795792456544,176.820360892672,482.035664607723,463.179639107328,500.204207543456,"2021-10-18",145.49141868575,128.141801340408,166.376455199094,588.30858131425,567.423544800908,605.658198659594,225245,7
269687,124.782963605022,101.113077970373,154.00243226682,564.217036394978,534.99756773318,587.886922029627,"2021-10-25",150.002563618975,130.561966142033,174.072014498133,728.597436381025,704.527985501869,748.038033857968,237184.6,7
186474,136.456558827308,115.475006499591,163.098276470572,913.543441172692,886.901723529429,934.524993500409,"2021-11-01",159.069740974935,136.363164470995,188.270154103039,1086.33025902506,1057.12984589696,1109.03683552901,237104.6,7
265836,167.947008288869,145.160853674099,198.947482042706,1181.05299171113,1150.05251795729,1203.8391463259,"2021-11-08",179.264692990361,149.831514377919,219.31262276245,1679.93530700964,1639.88737723755,1709.36848562208,227014.2,7
206491,208.197838761202,180.27109175437,248.482218842425,2290.8021612388,2250.51778115758,2318.72890824563,"2021-11-15",225.214088293833,189.812436219442,275.517541456876,2729.18591170617,2678.88245854313,2764.58756378056,220977,7
206583,258.939095469408,207.137541991165,332.032704189729,3450.06090453059,3376.96729581027,3501.86245800883,"2021-11-22",280.289010512299,232.444811239111,350.411762655367,4485.7109894877,4415.58823734463,4533.55518876089,236390.8,7
239501,354.529940122382,301.017687177987,435.027025738946,5810.47005987762,5729.97297426105,5863.98231282201,"2021-11-29",343.782698052973,282.869749934144,437.965953821525,7106.81730194703,7012.63404617848,7167.73025006586,241443.4,7
263543,411.831169919636,328.636881597937,537.569382463029,9696.16883008037,9570.43061753697,9779.36311840206,"2021-12-06",444.45784881659,359.841091784763,571.858595820296,9627.04215118341,9499.68460457667,9711.70210861221,261246.4,7
291099,485.415445992236,397.285547149262,636.718437873494,14286.5845540078,14135.2815621265,14374.7144528507,"2021-12-13",528.297082994905,429.815789170736,679.99793804671,11612.8029170051,11461.1452623503,11711.3274112262,288696.6,7
305506,711.573592579291,565.127801007464,917.945428836283,14891.9264074207,14685.7705731486,15038.5882009774,"2021-12-20",559.042150857781,443.789463270511,735.615837704288,12518.6366570892,12342.0927280025,12633.9452545024,318135,7
343834,678.135266360981,557.011028921031,872.729415321799,13378.864733639,13184.2705846782,13499.988971079,"2021-12-27",573.697246081386,445.994666273159,764.28208404841,12235.3616613681,12044.7948421849,12363.1313623837,339757.6,7
386693,508.255279436762,370.886057676862,713.116524026835,10339.6387602983,10134.710302522,10477.071529203,"2022-01-03",575.418396367151,443.53866551804,767.132344511136,10525.6405110824,10333.9445817222,10657.5873631388,348303.6,7
371656,485.106646037663,339.662896611176,680.900614183639,8279.79385147477,8083.94118844911,8425.29365780849,"2022-01-10",530.419415486472,404.768874776659,711.465530725144,8423.13949196304,8242.06819511118,8548.81395348326,347127,7
333829,494.02119742106,385.005543373665,650.969740187125,5737.97880257894,5581.03025981287,5846.99445662633,"2022-01-17",493.759401440323,367.951824351124,667.443566552737,6479.57999381406,6305.8553684391,6605.42661918746,329772.8,7
299623,486.578688175894,371.278847300561,639.61135990632,4379.42131182411,4226.38864009368,4494.72115269944,"2022-01-24",536.277139508812,414.493701150782,699.159602385435,5236.88344779855,5073.97396729663,5358.69322501182,302728.8,7
257063,494.835196130237,372.925776793357,652.619594459764,3661.06724289415,3503.20645131782,3783.05229959997,"2022-01-31",584.735791049726,460.659147556786,748.731485146314,4566.64469675515,4402.6337240092,4690.73646772188,273956.6,7
251473,720.843969779207,603.595441675153,871.696703190326,4126.15603022079,3975.30329680967,4243.40455832485,"2022-02-07",600.210257853825,474.870682049333,764.932493746058,4553.37022995105,4388.63271540946,4678.72493322933,250112.6,7
227795,727.399903742235,570.490128641193,928.760027988033,4928.60009625776,4727.23997201197,5085.50987135881,"2022-02-14",649.793494661714,518.91504156233,826.301476007005,5270.38699314316,5093.86373314851,5401.28057371634,232354.8,7
214609,571.393531441554,456.063215836402,731.974783185844,5671.60646855845,5511.02521681416,5786.9367841636,"2022-02-21",738.49780579151,597.519302002037,932.029916856977,6798.50219420849,6604.97008314303,6939.48069799796,222631.2,7
210834,734.494872215338,591.500644865546,946.456271211058,7964.50512778466,7752.54372878894,8107.49935513445,"2022-02-28",793.106407531984,625.251110943307,1026.55880226394,8949.89359246802,8716.44119773606,9117.74888905669,214563.4,7
208445,938.356751779218,765.947078991892,1181.26179870962,11301.6432482208,11058.7382012904,11474.0529210081,"2022-03-07",858.040712718548,661.885165550259,1131.69663571399,11404.3592872815,11130.703364286,11600.5148344497,212754.6,7
211134,993.886978481575,742.254486381501,1344.34113022513,14883.1130215184,14532.6588697749,15134.7455136185,"2022-03-14",1025.83893323811,789.063990874209,1350.38189092246,13670.1610667619,13345.6181090775,13906.9360091258,213586.4,7
218751,1052.07142967506,753.660401675957,1454.44919523831,17200.9285703249,16798.5508047617,17499.339598324,"2022-03-21",1199.32945253328,938.737188898418,1553.30432216883,15599.2705474667,15245.2956778312,15859.8628111016,213502.4,7
218768,1410.38463403937,1091.95734245615,1825.40105922817,17000.6153659606,16585.5989407718,17319.0426575439,"2022-03-28",1310.05874984683,1040.76244400237,1676.20572839281,16366.9079168198,16000.7847327698,16636.1986371604,211123.2,7
210414,1601.94746869118,1339.86663498659,1961.06842744294,17610.0525313088,17250.9315725571,17872.1333650134,"2022-04-04",1338.87872704302,1067.90361912448,1704.37416025805,16213.0879396236,15847.6163009045,16484.0574620383,208807.2,7
196549,1492.00323834697,1276.07335451165,1795.76882982949,15139.8300949864,14836.1834759834,15355.7320513023,"2022-04-11",1242.70473898761,993.151490121757,1582.16975735634,15443.2619276791,15103.8207038062,15692.809591041,205226.6,7
199554,1137.98686446256,877.960361992053,1485.18328955132,14114.0131355374,13766.8167104487,14374.0396380079,"2022-04-18",1092.44299400537,874.834511468472,1394.3900084099,14657.3236726613,14355.4004527527,14874.9265696943,201747,7
200848,571.201489397969,379.899756662344,843.427180729772,13351.798510602,13079.5728192702,13543.1002433377,"2022-04-25",926.048608322603,729.698169130557,1200.45135732467,13633.7042652406,13359.3327908111,13830.0431546726,201523.8,7
201370,659.07590912816,500.372449189721,886.502314495962,13070.9240908718,12843.497685504,13229.6275508103,"2022-05-02",865.274016370401,679.442208181462,1126.60047526518,12746.5121905262,12485.193211708,12932.3380344589,204210.2,7
209298,769.975540277363,614.184923297017,991.375172016795,12491.9554942054,12270.5932628491,12647.7162899048,"2022-05-09",840.162920806382,686.978520009767,1060.32589716709,11838.0732860902,11617.910762679,11991.3269677759,203299.2,7
209981,1188.13027858596,1024.79354976618,1426.51441953206,10703.869721414,10465.4855804679,10867.2064502338,"2022-05-16",942.720415032059,812.551837417554,1131.58238794391,10824.9157918645,10636.1669510427,10955.2663295085,201377.4,7
194999,1012.43138664246,915.641921133576,1153.81039906085,9571.81861335754,9430.40446530384,9668.98430459282,"2022-05-23",1088.91795761435,973.576251836687,1255.37719684883,9610.7182492822,9444.37214213774,9726.24191508941,199005.4,7
191239,1083.98896052635,1007.76634370128,1199.70963461391,8286.01103947365,8170.85376108835,8362.79705200098,"2022-05-30",1240.59455912522,1141.81801357882,1382.53908901505,8272.25544087478,8130.41656299834,8371.21991070692,192936.8,7
189510,1390.06362203962,1305.49452128539,1505.47635902054,6999.93637796038,6884.52364097946,7084.50547871461,"2022-06-06",1294.24853987612,1215.16391533117,1406.70084261058,7201.40146012388,7089.05480940281,7280.67400895456,186467.6,7
178955,1528.35854783172,1455.39373200766,1627.18463284788,5799.64145216828,5700.81536715212,5872.60626799234,"2022-06-13",1304.18068181563,1225.4091219069,1418.6172783817,6188.01931818437,6073.69540075875,6266.90355723356,182738,7
177635,1456.40018234043,1391.52305852797,1547.32318750972,5349.59981765957,5258.67681249028,5414.47694147203,"2022-06-20",1255.94729127457,1180.52056580907,1364.71242760137,5383.05270872543,5274.28757239863,5458.47943419093,179272.4,7
176351,1062.09209634,966.867954012179,1213.39257791646,4504.90790366,4353.60742208354,4600.13204598782,"2022-06-27",1084.67565151247,1016.39399687668,1184.3641502201,4740.92434848753,4641.2358497799,4809.20600312332,174580,7
173911,842.822007821082,783.323563212166,930.185380712276,4261.17799217892,4173.81461928772,4320.67643678783,"2022-07-04",863.13877075232,798.249837470603,958.127859160427,4220.86122924768,4125.87214083957,4285.7501625294,171520.4,7
166048,533.705423229118,484.861676623448,603.734972114171,3789.29457677088,3719.26502788583,3838.13832337655,"2022-07-11",646.552358668817,583.631536697658,739.31416473145,3728.44764133118,3635.68583526855,3791.36846330234,167064.4,7
163657,420.674144030964,364.672934977251,496.003177549512,3199.32585596904,3123.99682245049,3255.32706502275,"2022-07-18",528.444023220881,475.159534177704,603.770394145904,3392.75597677912,3317.4296058541,3446.0404658223,161298.2,7
155355,373.468121922917,318.431554663248,453.254715364832,2887.53187807708,2807.74528463517,2942.56844533675,"2022-07-25",458.485051664773,410.572777866781,524.759185086961,3137.71494833523,3071.44081491304,3185.62722213322,154022.4,7
147520,471.550419100325,424.507941412407,535.673724988729,2826.44958089968,2762.32627501127,2873.49205858759,"2022-08-01",434.683344680625,384.871186003096,501.11814951186,2897.71665531937,2831.28185048814,2947.52881399691,149507.2,7
137532,493.027150040543,460.389781657549,535.129335417558,2985.97284995946,2943.87066458244,3018.61021834245,"2022-08-08",433.554046746817,383.306933816542,500.09611199337,2770.84595325318,2704.30388800663,2821.09306618346,146202.4,7
143472,414.696888308379,356.353717305027,485.529794238666,2589.30311169162,2518.47020576133,2647.64628269497,"2022-08-15",446.779567024214,391.154768582404,517.405754514344,2655.82043297579,2585.19424548566,2711.4452314176,144600,7
147133,415.027654361922,356.851674044479,490.892989957063,2564.97234563808,2489.10701004294,2623.14832595552,"2022-08-22",460.895376082224,400.11591779876,536.566367657724,2570.10462391778,2494.43363234228,2630.88408220124,143290.2,7
147343,439.595723309901,357.670728492559,539.802927969701,2312.4042766901,2212.1970720303,2394.32927150744,"2022-08-29",504.155364785798,430.196219171491,592.831288602083,2451.6446352142,2362.96871139792,2525.60378082851,144992.4,7
140971,542.129464390378,469.313687494185,631.476790705629,2397.87053560962,2308.52320929437,2470.68631250581,"2022-09-05",615.031881403442,526.143314229478,716.137172277958,2479.36811859656,2378.26282772204,2568.25668577052,147639,7
146043,709.32709355841,610.791288521206,816.453940139354,2393.67290644159,2286.54605986065,2492.20871147879,"2022-09-12",749.845628485885,638.82300999421,870.434397897131,2659.15437151412,2538.56560210287,2770.17699000579,149198.6,7
156705,969.079471396602,836.08919259496,1102.05921261804,2727.9205286034,2594.94078738196,2860.91080740504,"2022-09-19",913.738338422849,786.013878580397,1051.47508875965,3116.66166157715,2978.92491124035,3244.3861214196,155230.8,7
154931,1089.09638977414,920.250152868138,1262.37911805293,3463.90361022587,3290.62088194707,3632.74984713186,"2022-09-26",1123.01510177023,969.965682889064,1285.83318256557,3888.58489822977,3725.76681743443,4041.63431711094,165904.8,7
177504,1259.05927299472,1093.6250714235,1445.00638228229,4599.94072700528,4413.99361771771,4765.3749285765,"2022-10-03",1485.97313036187,1296.36190833689,1688.8264611459,5237.22686963813,5034.3735388541,5426.83809166311,179113.4,7
194341,1588.51328112729,1389.07270903752,1803.26725973522,6257.4867188727,6042.73274026478,6456.92729096248,"2022-10-10",2137.07570560567,1889.18936575173,2404.83294125477,7547.92429439433,7280.16705874523,7795.81063424827,195016,7
212086,2524.11723651657,2242.77241576033,2831.42033304101,9136.88276348343,8829.57966695899,9418.22758423967,"2022-10-17",3193.89026985884,2865.51070899191,3547.8716212129,11140.9097301412,10786.9283787871,11469.2892910081,216236.2,7
236218,4224.59234761564,3800.22647966915,4682.09161316242,14281.4076523844,13823.9083868376,14705.7735203308,"2022-10-24",4276.26439849003,3847.2581423547,4733.15139489843,15846.73560151,15389.8486051016,16275.7418576453,237699.4,7
261032,6373.16921103997,5801.85686906906,6977.57251784355,21428.83078896,20824.4274821565,22000.1431309309,"2022-10-31",5730.36753492447,5179.22782376845,6314.62893514656,21922.2324650755,21337.9710648534,22473.3721762316,261319.8,7
284820,6670.92991615067,6002.36223823743,7371.40525070995,28129.0700838493,27428.59474929,28797.6377617626,"2022-11-07",7524.16957070511,6815.27582009845,8258.32261636296,29982.2304292949,29248.077383637,30691.1241799015,283829.6,7
312443,8859.02896329951,8048.92111610625,9710.6549609759,36634.9710367005,35783.3450390241,37445.0788838937,"2022-11-14",9942.03747742732,9089.45794644499,10828.4963092459,38530.5625225727,37644.1036907541,39383.142053555,309768.6,7
324635,11493.1274154198,10423.0123974104,12549.888739123,49436.8725845802,48380.111260877,50506.9876025896,"2022-11-21",11990.6142840869,11000.6904517966,13019.8963708119,45957.9857159131,44928.7036291881,46947.9095482034,332044.8,7
365913,16313.9318812267,15171.1371114018,17532.960077577,57023.0681187733,55804.039922423,58165.8628885982,"2022-11-28",14650.0325269314,13498.4252194795,15839.1006562205,51109.7674730686,49920.6993437795,52261.3747805205,350133.2,7
372413,16616.053244338,15358.0193958271,17934.5728256735,58565.946755662,57247.4271743265,59823.9806041729,"2022-12-05",17443.6088119315,16135.0626053066,18786.8030343975,52797.1911880685,51453.9969656025,54105.7373946934,358967.8,7
375262,19968.021130373,18491.036076652,21467.4266777531,53887.978869627,52388.5733222469,55364.963923348,"2022-12-12",19068.3552149098,17647.6320203128,20533.6812331042,48945.6447850902,47480.3187668958,50366.3679796872,358641.6,7
356616,22826.9103882999,21232.1080452415,24449.1668518612,45072.0896117001,43449.8331481388,46666.8919547585,"2022-12-19",18269.7949450344,16852.8841120874,19720.1831536445,41313.0050549656,39862.6168463555,42729.9158879126,349833.4,7
323004,19616.8594303112,17985.8594724417,21284.2797326561,30179.1405696888,28511.7202673439,31810.1405275583,"2022-12-26",16788.7842971077,15444.8270065438,18142.355107283,31524.2157028923,30170.6448927171,32868.1729934562,335446.8,7
321872,12321.1305318499,11197.3975702747,13465.4696802787,18859.8694681501,17715.5303197213,19983.6024297253,"2023-01-02",14162.7094953862,12980.9565976169,15346.5142959054,21990.8905046138,20807.0857040946,23172.6434023831,315833.2,7
300480,9211.00000470463,8317.7338681091,10045.4325938657,9621.99999529537,8787.56740613432,10515.2661318909,"2023-01-09",10686.0495704703,9698.28407704899,11665.4326311617,13925.3504295297,12945.9673688383,14913.115922951,295564.8,7
277194,6837.6471217653,6171.68403201759,7488.2226208651,6221.3528782347,5570.7773791349,6887.31596798241,"2023-01-16",7780.6666350403,6984.35378048867,8543.42572555592,8720.8733649597,7958.14624864932,9517.17566127605,281764.8,7
255274,5443.61076372034,4818.7454424019,6043.7585281428,4744.38923627966,4144.2414718572,5369.2545575981,"2023-01-23",6359.51075099036,5662.68257411091,7005.55021427133,5741.02924900965,5095.02175993391,6437.84686765381,269419.2,7
254004,5089.94475316133,4416.20798964011,5674.24520462731,4156.75524683867,3572.61466639886,4830.43921918349,"2023-01-30",5606.07539551311,4983.06275981211,6180.54348825578,4461.46460448689,3887.02848594945,5084.46668195261,260259.2,7
260144,5215.35111160018,4589.04153838587,5776.09212385576,3960.64888839981,3399.90787614424,4586.95846161413,"2023-02-06",5414.00182588607,4837.16452336029,5934.6886003449,3832.53817411393,3311.88337386034,4409.36491840443,253761.2,7
254680,5443.82322731843,4919.63479661509,5920.39896378794,3224.17677268157,2747.60103621206,3748.36520338491,"2023-02-13",5777.64259376677,5231.75400564943,6255.81224443177,3537.29740623323,3059.15972977347,4083.1754361153,252425.2,7
244704,5877.27927363009,5442.19284975847,6258.94818131068,3076.72072636991,2695.05181868932,3511.80715024153,"2023-02-20",6372.5538136044,5891.57223303781,6793.08493916905,3457.6461863956,3037.11506083096,3938.62776696219,249547.8,7
248594,7261.81460312383,6791.69285384759,7649.37674857713,3268.18539687617,2880.62325142287,3738.30714615241,"2023-02-27",6886.18788372005,6469.87359888001,7244.25862743208,3348.81211627995,2990.74137256792,3765.12640111999,246067,7
239617,8064.50085234946,7715.29912658203,8360.60867831371,3758.49914765054,3462.39132168629,4107.70087341797,"2023-03-06",7367.2708809271,6994.77331833446,7683.18761009045,3432.7291190729,3116.81238990955,3805.22668166555,243113,7
242740,7783.52146217843,7480.54836759688,8031.96056517094,3416.47853782157,3168.03943482906,3719.45163240312,"2023-03-13",7516.79140735872,7180.91755532307,7798.5922316295,3419.80859264128,3138.0077683705,3755.68244467693,239844.2,7
239910,7849.23821335371,7544.13339388731,8115.04387707981,3643.76178664629,3377.95612292019,3948.86660611269,"2023-03-20",7251.85548306561,6960.79298543911,7500.56247511823,3312.74451693439,3064.03752488177,3603.80701456089,231418.4,7
228360,6624.88190578815,6372.91403470155,6835.97128900593,3012.11809421185,2801.02871099407,3264.08596529845,"2023-03-27",6752.76965344201,6493.40680880785,6970.67635044325,2975.83034655799,2757.92364955676,3235.19319119215,223307.4,7
206465,5937.1349816583,5691.0700044278,6159.22796602076,2732.8650183417,2510.77203397924,2978.9299955722,"2023-04-03",6177.69457116109,5942.25007822351,6375.0624484057,2643.70542883891,2446.3375515943,2879.1499217765,212035.4,7
199062,5569.07170423144,5378.36824342569,5711.1780549388,2073.92829576856,1931.8219450612,2264.63175657431,"2023-04-10",5470.4829460482,5269.45292745088,5637.23276158448,2196.71705395181,2029.96723841552,2397.74707254912,200731,7
186380,4908.14605077386,4724.76471467517,5053.89105498321,1755.85394922614,1610.10894501679,1939.23528532483,"2023-04-17",4889.51852770881,4717.24771029518,5030.80736654089,1806.08147229119,1664.79263345912,1978.35228970482,190974.2,7
183388,4313.18008778923,4180.1476400242,4425.89544297369,1408.81991221077,1296.10455702631,1541.8523599758,"2023-04-24",4441.0218147896,4295.57122581474,4555.20422860984,1431.3781852104,1317.19577139016,1576.82877418527,186002.2,7
179576,3720.05981409122,3611.88794892302,3803.84431378797,1058.94018590878,975.155686212028,1167.11205107698,"2023-05-01",4036.34748913059,3911.39107269563,4135.46243008434,1161.85251086941,1062.73756991566,1286.80892730437,181275.2,7
181605,3694.65141706225,3582.68758202559,3781.21227636555,859.348582937754,772.787723634455,971.312417974406,"2023-05-08",3729.41644164693,3624.65021172795,3809.08947118921,932.168996444392,852.639682102964,1036.82530260438,176473.4,7
175427,3545.70007593639,3457.46747783015,3612.46906231128,726.29992406361,659.530937688725,814.532522169852,"2023-05-15",3512.96464130184,3419.6684754509,3580.17507961875,769.487463456147,702.60853890751,862.861504115519,170059.4,7
162371,3373.49081335556,3291.06040983678,3422.02626050755,607.436377101047,559.619505953293,689.317161824879,"2023-05-22",3383.22042084331,3298.21285671434,3442.90640783208,663.231683914673,603.877210694176,748.317122852081,162266,7
151318,3230.92108606379,3155.23895863895,3281.32348512139,595.412247269544,545.948841049038,672.033367531475,"2023-05-29",3236.30986400427,3160.6684512838,3287.03301173472,579.330119541598,528.94785884444,655.040212349212,153765.4,7
140609,3071.33871179859,3004.60985524021,3117.50095485464,527.661288201406,481.499045145356,594.390144759786,"2023-06-05",3080.10880385972,3011.26033986975,3124.40355950583,527.331179686147,483.37731107333,596.248323763265,144899,7
139102,2960.09863286701,2894.96555487294,3001.84529587873,439.840761072379,398.140964385775,504.927865460061,"2023-06-12",2917.1066075569,2849.66897557677,2963.90417360782,520.475210624914,474.085714869433,587.8845652224,137205.6,7
131095,2764.69477521365,2710.42692075988,2799.32180116683,466.305224786354,431.678198833174,520.573079240118,"2023-06-19",2820.83556402744,2749.58456642313,2872.2873649237,558.479587487714,507.248058319468,629.514509141952,130985.6,7
123904,2558.47983184148,2483.10358837185,2619.52933101751,573.156531794884,513.161524933807,647.498369120554,"2023-06-26",2606.92092132747,2536.34417057557,2658.76729851563,598.594230187679,546.968124727533,668.954904989506,125712.8,7
120218,2749.56586841646,2654.81691287077,2823.23944170079,785.434131583544,711.760558299214,880.183087129234,"2023-07-03",2348.10189537454,2274.7424767691,2403.74690749017,684.019316746673,628.589889726545,757.167256762682,121186,7
114245,2001.76549829877,1938.40787600244,2049.90062281432,728.23450170123,680.099377185681,791.592123997556,"2023-07-10",2082.50151904672,2003.97565616767,2143.70710184285,788.019693074491,727.029695373864,866.33407736411,118141,7
116468,1666.00350310235,1586.95708584056,1726.74334075142,866.966193867349,806.249789380834,945.989624325939,"2023-07-17",1844.06288827493,1765.44730724623,1904.07678414965,867.331051119012,807.321841876807,945.942034787073,116528.6,7
115870,1436.69289357456,1356.59281775274,1499.12277293023,986.307106425444,923.877227069767,1066.40718224726,"2023-07-24",1573.85449263444,1496.35695314755,1632.22078155414,922.139446759497,863.777844472311,999.632388885748,118028.8,7
115842,1366.28667798251,1290.46184376463,1421.37774255148,969.713322017489,914.622257448524,1045.53815623537,"2023-07-31",1426.73781457282,1344.79921329913,1490.65276856739,1019.85612482112,955.945857459064,1101.79012873417,121269.8,7
127719,1398.52389021403,1309.36514237739,1463.95942872327,1059.47610978597,994.040571276733,1148.63485762261,"2023-08-07",1371.39403537669,1288.39668511897,1437.06914117124,1117.40596462331,1051.73085882876,1200.40331488103,124976.8,7
130450,1266.18210799064,1180.61917676032,1342.06055788055,1216.81789200936,1140.93944211945,1302.38082323968,"2023-08-14",1353.73278545769,1264.51134714753,1426.37789854021,1195.06721454231,1122.42210145979,1284.28865285247,135017.4,7
135003,1389.28460712174,1304.94444493976,1458.82520377069,1354.71539287826,1285.17479622931,1439.05555506024,"2023-08-21",1373.541801696,1279.20215203808,1452.55890292128,1377.858198304,1298.84109707872,1472.19784796192,141814.8,7
166073,1348.38664397955,1237.16612789557,1445.66655977507,1374.61335602045,1277.33344022493,1485.83387210443,"2023-08-28",1420.39214144375,1318.78268203138,1508.2985694863,1556.40785855625,1468.5014305137,1658.01731796862,148344.4,7
149829,1465.33175917403,1363.91586821735,1552.28276445683,1883.66824082597,1796.71723554317,1985.08413178265,"2023-09-04",1542.24755103654,1431.64522636338,1636.83020482603,1747.75244896346,1653.16979517397,1858.35477363662,156024.6,7
160367,1632.77558895281,1507.26779234393,1742.65776154834,1952.22441104719,1842.34223845166,2077.73220765607,"2023-09-11",1669.4187344222,1549.77869596048,1772.21337592313,1977.1812655778,1874.38662407687,2096.82130403952,163325,7
168851,1875.45915595456,1744.93189842032,1984.71873457922,2173.54084404544,2064.28126542078,2304.06810157968,"2023-09-18",1895.21762121331,1770.18689082987,2004.40819215702,2193.78237878669,2084.59180784298,2318.81310917013,168003,7
171505,2025.14052405006,1895.61179292523,2135.7410592562,2501.85947594994,2391.2589407438,2631.38820707477,"2023-09-25",2172.14125385839,2037.82236590123,2290.7576869952,2340.65874614161,2222.0423130048,2474.97763409877,176407.2,7
189463,2477.38107793507,2339.20710224251,2606.64064094451,2457.61892206493,2328.35935905549,2595.79289775749,"2023-10-02",2571.90436073646,2437.23949581652,2691.20434676136,2485.49563926354,2366.19565323864,2620.16050418348,184809,7
191850,2849.94992239945,2702.09324357415,2984.03023864775,2618.05007760055,2483.96976135225,2765.90675642585,"2023-10-09",3038.20300261605,2897.29229043392,3164.06913691884,2702.39699738395,2576.53086308116,2843.30770956608,192805.8,7
202376,3631.59112334313,3504.35344192037,3744.89106037911,2676.40887665687,2563.10893962089,2803.64655807963,"2023-10-16",3644.18418134522,3490.54492638433,3784.22468710159,2918.41581865478,2778.37531289841,3072.05507361567,201888.8,7
208835,4206.95236535253,4045.19587150736,4349.04268536664,3258.04763464747,3115.95731463336,3419.80412849264,"2023-10-23",4547.44595110967,4373.71488317995,4705.18660927642,3306.35404889033,3148.61339072358,3480.08511682006,212794.6,7
216920,5055.0464176959,4861.87497267725,5236.51881016993,3581.9535823041,3400.48118983007,3775.12502732275,"2023-10-30",5684.25318944983,5482.5501820738,5867.82445001896,3935.54681055017,3751.97554998104,4137.2498179262,225376.8,7
243992,6993.68992675732,6755.0568862206,7211.45025181866,4397.31007324268,4179.54974818134,4635.9431137794,"2023-11-06",6994.50525597415,6755.42837903043,7212.86439700407,4976.89474402585,4758.53560299593,5215.97162096958,236122.4,7
254761,8533.98611410026,8246.26973804341,8797.21944236045,5764.01388589974,5500.78055763955,6051.73026195658,"2023-11-13",8853.35244543153,8562.4782291044,9120.97379267255,6266.44755456847,5998.82620732746,6557.32177089561,251957.4,7
256104,10182.8514559647,9868.74442670351,10470.0907953047,7883.14854403526,7595.90920469534,8197.25557329649,"2023-11-20",11639.619891462,11270.8668504236,11979.7770910571,7991.58010853801,7651.4229089429,8360.33314957635,273297,7
288010,13501.1883126394,13080.4451218772,13889.589663709,9705.81168736057,9317.41033629097,10126.5548781228,"2023-11-27",15638.2260275023,15131.0258952943,16109.7239388678,10094.7739724977,9623.27606113222,10601.9741047057,290601,7
323618,18986.3836478482,18403.8180792735,19530.5353020927,12207.6163521518,11663.4646979073,12790.1819207265,"2023-12-04",21295.7089180267,20607.3903896361,21932.347875498,12205.4910819733,11568.852124502,12893.8096103639,308072,7
330512,26986.7206069589,26055.852110574,27861.1844908721,14913.2793930411,14038.8155091279,15844.147889426,"2023-12-11",26902.2751136704,26023.7315536628,27715.291959097,14009.1248863296,13196.1080409031,14887.6684463372,321356.6,7
342116,36821.4005667222,35628.0922097522,37910.3391255114,16317.5994332778,15228.6608744886,17510.9077902478,"2023-12-18",30508.9281470605,29501.4366886882,31440.8980158217,15015.4718529395,14083.5019841783,16022.9633113118,333253.4,7
322527,38215.6824341833,36950.450246837,39384.8112132996,16901.3175658167,15732.1887867004,18166.549753163,"2023-12-25",31968.3023906716,30861.3435662194,32989.939706119,15595.8976093284,14574.260293881,16702.8564337806,334062,7
347494,31534.4534795901,30468.9707970044,32517.6199473329,14737.5465204099,13754.3800526671,15803.0292029956,"2024-01-01",31453.9887570375,30313.3048706098,32502.8872456848,15437.0112429625,14388.1127543152,16577.6951293902,329186,7
327661,26283.2548659035,25203.3524669296,27275.7437535789,15109.7451340965,14117.2562464211,16189.6475330704,"2024-01-08",29262.2642775678,28128.5971483073,30309.5058531757,15227.9357224322,14180.6941468244,16361.6028516927,322912.2,7
306132,24415.1524387886,23315.658632526,25425.9221887013,14118.8475612114,13108.0778112987,15218.341367474,"2024-01-15",26322.7081106675,25166.051864249,27396.3603315681,15049.6918893325,13976.0396684319,16206.348135751,320748.2,7
310747,25862.7781693735,24704.5535982393,26943.4321629655,15272.2218306265,14191.5678370345,16430.4464017607,"2024-01-22",24135.0717313387,22955.1487099663,25236.2458101585,14873.1282686613,13771.9541898416,16053.0512900337,311575.2,7
311707,23517.9015996817,22137.7238265458,24819.0836052618,16010.0984003183,14708.9163947382,17390.2761734542,"2024-01-29",22232.092940982,21047.0825025021,23342.7561646497,14430.907059018,13320.2438353503,15615.9174974979,303718.8,7
301629,20596.2715829462,19414.4550255908,21717.0473402848,13854.7284170538,12733.9526597152,15036.5449744092,"2024-02-05",20181.091929998,19018.612111493,21270.5289820402,13826.8979005105,12737.4606860095,14989.3779903168,300257.6,7
288379,16768.3609141198,15663.0214296084,17808.295526035,12898.6390858802,11858.704473965,14003.9785703916,"2024-02-12",17298.4734273933,16210.6615941961,18322.0975990101,12691.3164031152,11667.6920690396,13779.1285076138,292444,7
288826,14160.1473838685,13173.3066774809,15064.7862756539,11098.8017686738,10194.1620645946,12085.6438315686,"2024-02-19",14331.9413449419,13386.7480386256,15223.0344337467,11185.4484855666,10294.355234303,12130.6420631843,281982.6,7
271679,11449.6856563501,10664.8010117544,12201.2752478152,9594.31434364994,8842.72475218481,10379.1989882456,"2024-02-26",11606.9163375485,10773.5328875585,12393.7135844641,9805.27349295993,9018.47608358561,10638.6572142514,271302.2,7
259400,8685.24118742489,8018.15604869334,9323.76777894461,8480.75881257511,7842.23222105539,9147.84395130666,"2024-03-04",9355.78283342319,8625.44772481493,10046.338357351,8298.80699708529,7608.25131069872,9029.14237699496,258911.2,7
248227,6971.14654597938,6348.37927025524,7570.44309387186,6953.85345402062,6354.55690612814,7576.62072974476,"2024-03-11",7309.40967490213,6669.69915745732,7920.27552704986,6692.39032509787,6081.52447295014,7332.10084254268,238382.8,7
226424,5512.69339349306,4922.59561589076,6071.41939046938,5366.30660650694,4807.58060953062,5956.40438410924,"2024-03-18",5138.11658929339,4642.40723878581,5610.06254701895,4833.68341070661,4361.73745298105,5329.39276121419,191457.8,7
186184,3928.28159126326,3394.56384069286,4434.47212414828,3066.71840873674,2560.52787585172,3600.43615930714,"2024-03-25",NA,NA,NA,NA,NA,NA,NA,7
37054,593.220228306376,528.341418396856,650.210347660615,300.779771693624,243.789652339385,365.658581603144,"2024-04-01",NA,NA,NA,NA,NA,NA,NA,7
