"test","BV_num","BV_num_LL","BV_num_UL","BY_num","BY_num_LL","BY_num_UL","date","BV_num_roll","BV_num_roll_LL","BV_num_roll_UL","BY_num_roll","BY_num_roll_LL","BY_num_roll_UL","test_roll","diff"
84211,492.43364389234,314.556916082468,671.448302394878,390.56635610766,211.551697605122,568.443083917532,"2016-12-19",451.185131784238,284.144740323671,620.308206274598,392.014868215762,222.891793725401,559.055259676329,84337.4,7
94197,528.12990105133,345.208261470881,717.361861183932,452.87009894867,263.638138816068,635.791738529118,"2016-12-26",490.295010963717,310.601457154611,675.083794977316,495.704989036283,310.916205022683,675.398542845389,93460,7
104311,489.68404725334,308.049880181571,679.074642325084,594.31595274666,404.925357674916,775.950119818429,"2017-01-02",550.875771302668,349.065265132057,760.783296453717,635.924228697332,426.016703546283,837.734734867943,100159,7
110690,568.63202189209,349.87261350953,797.430389179916,755.36797810791,526.569610820084,974.12738649047,"2017-01-09",603.075606208963,379.945537151203,838.096574482507,803.524393791037,568.503425517493,1026.6544628488,104710.4,7
107386,675.499242424242,427.638654415833,938.601287184775,986.500757575757,723.398712815225,1234.36134558417,"2017-01-16",689.535823643158,429.589075236408,963.90554893647,1059.86417635684,785.494451063529,1319.81092476359,108126.4,7
106968,753.432818423812,468.958276178202,1058.01469253883,1228.56718157619,923.985307461172,1513.0417238218,"2017-01-23",859.638222267024,540.376467182262,1196.86878459153,1401.56177773298,1064.33121540847,1720.82353281774,110253.6,7
111277,960.430988222304,593.425951896905,1346.40673345375,1734.5690117777,1348.59326654625,2101.57404810309,"2017-01-30",1091.16493405658,698.264834359882,1504.25204292895,1847.63506594342,1434.54795707105,2240.53516564012,110798.2,7
114947,1340.19604037267,861.98683991084,1843.89082060036,2302.80395962733,1799.10917939964,2781.01316008916,"2017-02-06",1304.96142565715,852.613190797212,1778.53411134487,2350.03857434285,1876.46588865513,2802.38680920279,110695.8,7
113413,1726.26558083985,1139.31444939763,2334.34668086705,2985.73441916015,2377.65331913295,3572.68555060237,"2017-02-13",1503.8727240056,972.894228332905,2058.0170649184,2773.3272759944,2219.1829350816,3304.3057716671,108768.4,7
106874,1744.48170042712,1199.38043660248,2310.01162926436,3498.51829957288,2932.98837073564,4043.61956339752,"2017-02-20",1658.24942328482,1065.75469417761,2277.49715064144,3149.95057671518,2530.70284935856,3742.44530582239,104580.2,7
97331,1747.98931016608,1070.36346385666,2455.42946040647,3345.01068983392,2637.57053959353,4022.63653614334,"2017-02-27",1767.81567039562,1131.48075771584,2431.17561534659,3504.98432960438,2841.62438465341,4141.31924228415,98449.2,7
90336,1732.31448461839,1057.72828112041,2443.80716206897,3617.68551538161,2906.19283793103,4292.27171887959,"2017-03-06",1869.44584564981,1200.1898920833,2566.22888297047,3808.35415435019,3111.57111702953,4477.6101079167,91747.8,7
84292,1888.02727592666,1190.61715760203,2612.28314412609,4077.97272407334,3353.71685587391,4775.38284239797,"2017-03-13",1915.68616034134,1207.98482998742,2657.15741721133,4081.71383965866,3340.24258278867,4789.41517001258,85736.4,7
79906,2234.41645711083,1482.86012123489,3009.61301898647,4502.58354288917,3727.38698101353,5254.13987876511,"2017-03-20",1941.51569033455,1226.22059055498,2688.06654778722,4221.48430966545,3474.93345221277,4936.77940944502,80121.8,7
76817,1975.68327388473,1238.35512612311,2764.65430046867,4865.31672611527,4076.34569953133,5602.64487387689,"2017-03-27",1871.18085446467,1180.96083175628,2592.18081348672,4176.01914553533,3455.01918651328,4866.23916824372,74173.2,7
69258,1877.13696013214,1161.54226669445,2609.97511328592,4043.86303986786,3311.02488671408,4759.45773330555,"2017-04-03",1753.82109183494,1091.47059062191,2446.2541838444,3879.17890816506,3186.7458161556,4541.52940937809,68612.4,7
60593,1380.64030526902,831.429487126916,1964.37849056644,3390.35969473098,2806.62150943356,3939.57051287308,"2017-04-10",1520.45788881161,910.614355514947,2160.11308289125,3351.74211118839,2712.08691710875,3961.58564448505,63118.6,7
56488,1301.22846277797,743.165951930186,1882.64999591451,2593.77153722203,2012.35000408549,3151.83404806981,"2017-04-17",1291.86069047253,748.984394131139,1859.41752544484,2682.93930952747,2115.38247455516,3225.81560586886,56869.4,7
52437,1067.60044199419,578.578945700071,1578.90751422072,1865.39955800581,1354.09248577928,2354.42105429993,"2017-04-24",1070.21447175793,596.778843644821,1571.1770788867,2165.38552824207,1664.4229211133,2638.82115635518,52163.4,7
45571,832.697282189355,430.205319204074,1261.17651323662,1521.30271781064,1092.82348676338,1923.79468079593,"2017-05-01",938.321216060704,500.666789823816,1400.34922954134,1733.4787839393,1271.45077045866,2171.13321017618,49035,7
45728,768.905866559131,400.51451426286,1168.77288049523,1456.09413344087,1056.22711950477,1824.48548573714,"2017-05-08",792.178499198815,412.398325469483,1195.13680722184,1413.02150080119,1010.06319277816,1792.80167453052,46713.4,7
44951,721.17402678287,350.86921802189,1110.23924383964,1230.82597321713,841.760756160362,1601.13078197811,"2017-05-15",681.272431872525,360.019434650268,1025.46795307629,1184.12756812747,839.932046923712,1505.38056534973,44509.6,7
44880,570.514878468526,301.82363015852,856.587884317022,991.485121531474,705.412115682978,1260.17636984148,"2017-05-22",588.537138227917,316.882550695911,880.552462289693,996.262861772083,704.247537710307,1267.91744930409,43239.4,7
41418,513.070105362743,316.684491603994,730.563243492936,720.929894637257,503.436756507064,917.315508396006,"2017-05-29",490.649603831865,266.234898263489,732.552549267033,806.750396168135,564.847450732966,1031.16510173651,41761.2,7
39220,369.020813966313,214.520899432289,536.599059303643,581.979186033687,414.400940696357,736.479100567711,"2017-06-05",401.741781463063,223.959449837733,596.477158233319,645.658218536936,450.922841766681,823.440550162267,40009.2,7
38337,279.468194578873,147.276252100753,428.773315381929,508.531805421127,359.226684618071,640.723747899247,"2017-06-12",333.586839287039,186.366614749641,496.809869583627,530.013160712961,366.790130416372,677.233385250359,38194.6,7
36191,276.634914938862,139.491975893109,429.862288671064,425.365085061138,272.137711328936,562.508024106891,"2017-06-19",274.991668946878,142.903146802007,420.652092397942,466.608331053122,320.947907602057,598.696853197993,37005.8,7
35807,229.740167588403,113.859454718057,358.251441068565,413.259832411597,284.748558931435,529.140545281943,"2017-06-26",242.869668176319,118.780049354463,381.177766174626,424.130331823681,285.822233825373,548.219950645537,36310.6,7
35474,220.094253661939,99.3671518658247,349.774357564511,403.905746338061,274.225642435489,524.632848134175,"2017-07-03",219.502768363735,102.903751035914,349.915039081668,394.497231636264,264.084960918332,511.096248964086,35455.6,7
35744,208.410810113519,93.9054121945685,339.227428187064,369.589189886481,238.772571812936,484.094587805432,"2017-07-10",197.886394696086,89.2610118922081,318.619079837904,382.513605303914,261.780920162096,491.138988107792,34733.8,7
34062,162.633695515954,67.8947605080087,272.459679917136,360.366304484046,250.540320082864,455.105239491991,"2017-07-17",193.464265024559,82.6321363899309,315.655535549362,373.135734975441,250.944464450638,483.967863610069,33962.6,7
32582,168.553046600615,71.2782801745807,273.382492452245,365.446953399385,260.617507547755,462.721719825419,"2017-07-24",200.238643729401,81.3087443513264,330.475813949356,375.161356270599,244.924186050644,494.091255648673,33215.6,7
31951,207.629519230769,80.7150772066713,343.433719625855,366.370480769231,230.566280374145,493.284922793329,"2017-07-31",201.804004902456,73.6774201222948,340.131255177949,385.195995097544,246.868744822051,513.322579877705,32507,7
31739,253.966147186147,92.7501916728022,423.87574956448,414.033852813853,244.12425043552,575.249808327198,"2017-08-07",218.094716454889,76.8627341768972,368.697660356764,406.90528354511,256.302339643235,548.137265823103,32153.2,7
32201,216.237615978792,55.7487910494103,387.504634330027,419.762384021208,248.495365669973,580.25120895059,"2017-08-14",233.186900995013,74.9115532638092,400.46707378875,420.213099004987,252.932926211249,578.488446736191,32142.6,7
32293,244.087253278123,83.8213307810208,415.291705811216,468.912746721877,297.708294188784,629.178669218979,"2017-08-21",239.930247871092,74.8769777363613,415.08225076355,442.069752128908,266.91774923645,607.123022263639,32214.8,7
32529,244.013969301235,61.5223756091406,432.229559612175,431.986030698765,243.770440387824,614.477624390859,"2017-08-28",242.105568213296,77.3723514405126,417.512212908547,458.694431786704,283.287787091453,623.427648559487,33344.6,7
32312,241.346253611162,80.5421995694318,416.509604499851,475.653746388838,300.490395500149,636.457800430568,"2017-09-04",244.742961647492,81.2642453957973,418.925450097796,467.457038352508,293.274549902204,630.935754604203,34417.8,7
37388,264.842748897167,105.227060193559,436.025560289465,497.157251102833,325.974439710535,656.772939806441,"2017-09-11",242.00043406879,79.5018165351571,416.584586627588,461.399565931209,286.815413372411,623.898183464843,36141.2,7
37567,229.424583149772,75.2082608258338,394.570820276274,463.575416850228,298.429179723726,617.791739174166,"2017-09-18",224.710634232064,75.1208125000331,389.449111866561,464.089365767936,299.350888133438,613.679187499967,38272.4,7
40910,230.374615384615,75.0091864778198,403.587388460177,438.625384615385,265.412611539823,593.99081352218,"2017-09-25",222.798790983466,78.0948405207222,383.283018933682,461.001209016534,300.516981066318,605.705159479278,42092.8,7
43185,157.564970117602,39.6173554335207,296.552185807041,445.435029882398,306.447814192959,563.382644566479,"2017-10-02",209.450636851271,71.7032926485608,364.995795259719,458.349363148729,302.804204740281,596.096707351439,45087.6,7
51414,231.787037368174,95.4123396728769,385.679139835452,460.212962631826,306.320860164548,596.587660327123,"2017-10-09",214.217314194353,75.8457941196302,371.857762171551,475.182685805647,317.542237828449,613.55420588037,48579.6,7
52362,198.101978236189,73.269320832752,344.589441919651,483.898021763811,337.410558080349,608.730679167248,"2017-10-16",221.535696207419,78.7526492397209,382.918040405824,525.464303792581,364.081959594176,668.247350760279,52078.4,7
55027,253.257969865186,95.9207681811812,428.880654835435,547.742030134814,372.119345164565,705.079231818819,"2017-10-23",249.318271221602,90.9298738937063,425.94870005372,596.081728778398,419.45129994628,754.470126106293,55809.2,7
58404,266.966525449944,89.5434620782731,458.888779631539,690.033474550056,498.111220368461,867.456537921727,"2017-10-30",265.76904544809,90.8025583930975,459.639026407145,713.03095455191,519.160973592854,887.997441606902,58490.8,7
61839,296.477845188518,100.503478703448,511.705484046524,798.522154811482,583.294515953476,994.496521296552,"2017-11-06",315.722226110489,106.564492537013,544.552686865539,880.877773889511,652.047313134461,1090.03550746299,61387.2,7
64822,314.040908500614,94.7757621698328,554.130771602578,1044.95909149939,804.869228397422,1264.22423783017,"2017-11-13",394.605249242541,131.871412919567,677.824485761183,1198.79475075746,915.575514238817,1461.52858708043,65044.6,7
66844,447.86788154818,152.078991552329,769.157744211622,1323.13211845182,1001.84225578838,1618.92100844767,"2017-11-20",515.638947660371,178.603457007817,882.327140733125,1676.56105233963,1309.87285926688,2013.59654299218,69610.4,7
73314,647.673085525447,222.45537009395,1095.23964931365,2137.32691447455,1689.76035068635,2562.54462990605,"2017-11-27",722.027443914261,251.416074769647,1231.59059046549,2377.17255608574,1867.60940953451,2847.78392523035,75743,7
81233,872.135017539095,323.203682519524,1481.40205449125,3078.86498246091,2469.59794550875,3627.79631748048,"2017-12-04",1027.99483408235,360.569321634835,1748.11895066514,3562.00516591765,2841.88104933486,4229.43067836516,85159.8,7
92502,1328.42032645797,464.5665675126,2258.02273270835,4301.57967354203,3371.97726729165,5165.4334324874,"2017-12-11",1405.32933578884,446.968021271598,2444.51225710524,5168.47066421116,4129.28774289476,6126.8319787284,96294.2,7
111906,1843.87785934104,640.541996495772,3136.77257260086,6969.12214065896,5676.22742739914,8172.45800350423,"2017-12-18",1881.24039887434,535.464624932471,3341.04268912131,7123.15960112566,5663.35731087869,8468.93537506753,109988.4,7
122516,2334.54039008067,584.072489736146,4251.12427641207,9355.45960991933,7438.87572358793,11105.9275102639,"2017-12-25",2351.45511125143,612.226114116502,4231.67718429186,9233.14488874856,7352.92281570814,10972.3738858835,124896.6,7
141785,3027.22840095292,664.938388398313,5577.89180939405,11910.7715990471,9360.10819060595,14273.0616116017,"2018-01-01",2766.57972362064,679.548201131913,5018.03881786094,11472.8202763794,9221.36118213906,13559.8517988681,137923.2,7
155774,3223.20857942457,707.011128439677,5934.57453034398,13628.7914205754,10917.425469656,16144.9888715603,"2018-01-08",3067.7357457179,711.528569110797,5611.415563761,13634.0642542821,11090.384436239,15990.2714308892,149101.2,7
157635,3404.04338830398,801.177002589656,6189.83090055373,15499.956611696,12714.1690994463,18102.8229974103,"2018-01-15",3362.38718052031,816.849046938016,6107.27651149283,15811.6128194797,13066.7234885072,18357.150953062,158996.8,7
167796,3349.65796982738,800.443836390191,6103.65630210119,17775.3420301726,15021.3436978988,20324.5561636098,"2018-01-22",3549.18124470605,933.598456936673,6368.54141507799,17749.6187552939,14930.258584922,20365.2015430633,164986.2,7
171994,3807.7975640927,1110.67487887225,6730.4290150712,20243.2024359073,17320.5709849288,22940.3251211278,"2018-01-29",3697.73939702389,1040.04486184484,6587.85616729548,19455.6606029761,16565.5438327045,22113.3551381552,166451.6,7
171732,3961.19872188165,1248.6854383916,6884.21632731984,21600.8012781183,18677.7836726802,24313.3145616084,"2018-02-05",3739.74081785491,1104.73604146413,6620.82176426527,20224.0591821451,17342.9782357347,22859.0639585359,163890.6,7
163101,3965.99934101373,1239.24315298053,7031.14829143147,22159.0006589863,19093.8517085685,24885.7568470195,"2018-02-12",3677.39951433371,1116.14297439329,6484.97460190829,19771.2004856663,16963.6253980917,22332.4570256067,156637.8,7
144830,3614.05049245907,1124.63290068608,6354.65888540264,19341.9495075409,16601.3411145974,21831.3670993139,"2018-02-19",3434.87739928832,1035.86650600715,6073.08928107217,18370.7226007117,15732.5107189278,20769.7334939929,145897.4,7
131532,3037.95145222141,857.478501035977,5424.4204903163,15511.0485477786,13124.5795096837,17691.521498964,"2018-02-26",3103.56341065438,899.862718696997,5540.5656640101,16177.2365893456,13740.2343359899,18380.937281303,133546.8,7
118292,2595.18698886573,709.292536941544,4671.00241089059,13240.8130111343,11164.9975891094,15126.7074630585,"2018-03-05",2687.66364465271,743.644455474316,4837.43505764191,13390.3363553473,11240.5649423581,15334.3555445257,121044.8,7
109979,2304.62877871195,568.666501840851,4221.59824200948,10633.371221288,8716.40175799052,12369.3334981591,"2018-03-12",2294.52665949541,612.05961950754,4161.93872364765,10779.8733405046,8912.46127635235,12462.3403804925,109863.4,7
100591,1886.5005110054,458.151836867123,3515.49525959053,8224.4994889946,6595.50474040947,9652.84816313288,"2018-03-19",1977.81584297749,515.587032776653,3600.01220690282,8603.98415702251,6981.78779309718,10066.2129672233,99762.6,7
88923,1648.36556667257,466.708720852204,2977.17721543134,6289.63443332743,4960.82278456866,7471.2912791478,"2018-03-26",1665.34506366455,433.118790984499,3035.93606503701,6673.45493633545,5302.86393496299,7905.6812090155,91050,7
81028,1454.39736963181,375.115567381543,2614.78790659218,4631.60263036819,3471.21209340782,5710.88443261846,"2018-04-02",1377.48880196978,376.711750534826,2489.72385918191,5029.51119803022,3917.27614081809,6030.28824946517,82022.2,7
74729,1032.83309230101,296.951327980772,1850.62170156152,3588.16690769899,2770.37829843848,4324.04867201923,"2018-04-09",1125.91608072108,328.877110363962,2001.21801384987,3725.48391927892,2850.18198615013,4522.52288963604,73608,7
64840,865.347470238095,286.631299592488,1490.53721273398,2413.6525297619,1788.46278726602,2992.36870040751,"2018-04-16",862.711296051363,255.305143553339,1521.87462829025,2703.28870394864,2044.12537170975,3310.69485644666,65958.8,7
58520,628.636904761905,218.9786360128,1072.96603293032,1704.3630952381,1260.03396706968,2114.0213639872,"2018-04-23",615.788745201925,192.123385913452,1077.92825492415,1927.61125479808,1465.47174507585,2351.27661408655,59176.6,7
50677,332.341643323996,98.8488867990915,580.460287633249,1178.658356676,930.539712366751,1412.15111320091,"2018-04-30",443.988903298499,143.646464924354,769.361718935619,1294.6110967015,969.238281064381,1594.95353507565,52982.2,7
47117,219.784615384615,59.2067791821085,395.056039761678,753.215384615385,577.943960238322,913.793220817892,"2018-05-07",297.999506930977,95.6949912118908,518.352316188554,873.200493069023,652.847683811445,1075.50500878811,47685.2,7
43757,173.833882783883,54.5667230352817,307.789021618869,423.166117216117,289.21097838113,542.433276964718,"2018-05-14",189.402128484862,56.4286706719947,335.599295728212,577.797871515138,431.600704271788,710.771329328006,43360.4,7
38355,135.400488400488,46.8739310301712,235.490198998654,306.599511599512,206.509801001346,395.126068969829,"2018-05-21",143.182053788317,45.218252287931,252.869960424716,388.817946211683,279.130039575284,486.781747712069,40504.8,7
36896,85.6500125313283,22.6470333133199,159.200930628613,227.349987468672,153.799069371387,290.35296668668,"2018-05-28",117.833729907896,41.5606295773749,203.507553119642,271.566270092104,185.892446880358,347.839370422626,37869.2,7
36399,101.24126984127,42.7967948787729,166.813611115766,233.75873015873,168.186388884234,292.203205121227,"2018-06-04",100.698987983154,39.6087423547367,168.903806507681,217.701012016846,149.496193492319,278.791257645264,36111,7
33939,93.0429959825121,40.9186656293281,148.244003236308,166.957004017488,111.755996763692,219.081334370672,"2018-06-11",89.9153815311267,37.8254691084632,148.141365721139,185.284618468873,127.058634278861,237.374530891537,35310.8,7
34966,88.1601731601732,44.807286922091,134.770288559067,153.839826839827,107.229711440933,197.192713077909,"2018-06-18",86.639671954154,39.3861742596132,139.359276701689,173.160328045846,120.440723298311,220.413825740387,34363.4,7
34354,81.4824561403509,37.9575647988036,131.677995065943,144.517543859649,94.3220049340573,188.042435201196,"2018-06-25",80.9224043198275,37.3776960513085,129.33677709857,153.477595680172,105.06322290143,197.022303948692,33431.4,7
32159,69.2714646464647,30.4505590690697,115.290485531361,166.728535353535,120.709514468639,205.54944093093,"2018-07-02",77.9466622661823,35.8469886023031,125.644672703998,161.053337733818,113.355327296002,203.153011397697,33185.2,7
31739,72.6549316696375,32.7544038372494,116.70111310017,135.345068330362,91.2988868998295,175.245596162751,"2018-07-09",78.6319003614203,34.886918842781,127.098078182664,164.56809963858,116.101921817336,208.313081157219,32394.4,7
32708,78.1642857142857,33.2651283843014,129.78348126345,204.835714285714,153.21651873655,249.734871615699,"2018-07-16",79.123186911128,34.0514167190538,128.992208159251,169.076813088872,119.207791840748,214.148583280947,31335.4,7
31012,91.5863636363636,40.0069381244803,142.037315952397,171.413636363636,120.962684047603,222.99306187552,"2018-07-23",85.2755606485017,38.0464329291097,137.943959224603,179.524439351498,126.856040775397,226.753567070891,30907.2,7
29059,83.9388888888889,33.7800541801675,141.14864494888,167.061111111111,109.85135505112,217.219945819833,"2018-07-30",96.3913873515655,44.8926266265961,154.125975839054,204.008612648434,146.274024160946,255.507373373404,30611.4,7
30018,100.033333333333,50.4256401193494,160.049240858121,218.966666666667,158.950759141879,268.574359880651,"2018-08-06",107.144188670675,50.3638916618013,170.803371228099,221.055811329325,157.396628771901,277.836108338199,30224.4,7
30260,128.234065184957,66.9853723246811,197.611196172424,257.765934815043,188.388803827576,319.014627675319,"2018-08-13",116.486461996034,57.4051713527928,185.022703654504,246.713538003966,178.177296345496,305.794828647208,30692.4,7
30773,131.928292309832,60.6214535603278,213.170458208674,290.071707690168,208.829541791326,361.378546439672,"2018-08-20",130.503563198834,67.2800888812206,204.259456947097,272.296436801166,198.540543052903,335.51991111878,31976.8,7
33352,138.297730263158,75.2133365794374,213.133978084421,299.702269736842,224.866021915579,362.786663420563,"2018-08-27",145.868533959067,79.6618759343485,222.15561058051,285.531466040933,209.24438941949,351.738124065652,33647.8,7
35481,154.024394902889,83.1546418223069,237.332411411846,294.975605097111,211.667588588154,365.845358177693,"2018-09-03",156.089332754688,86.8715261322521,235.203813911139,285.110667245312,205.996186088861,354.328473867748,35432.2,7
38373,176.858187134503,112.334575384989,249.530009025186,285.141812865497,212.469990974814,349.665424615011,"2018-09-10",161.412135831183,91.6904771478186,241.618894758183,273.587864168817,193.381105241817,343.309522852182,37859.2,7
39182,179.338059163059,103.033623314199,262.852212825569,255.661940836941,172.147787174431,331.966376685801,"2018-09-17",170.90069957214,98.7159934282142,252.096830797449,260.29930042786,179.103169202551,332.484006571786,41474.8,7
42908,158.542307692308,84.7162086381599,245.245862443893,232.457692307692,145.754137556107,306.28379136184,"2018-09-24",182.535289473934,101.427054700591,272.274886492222,254.864710526066,165.125113507778,335.972945299409,45249.4,7
51430,185.74054896794,110.340917981415,265.52365828075,233.25945103206,153.47634171925,308.659082018585,"2018-10-01",177.702328283078,91.1855052183265,272.637433338488,249.497671716922,154.562566661512,336.014494781674,49043,7
54354,212.197344411861,96.7099481841927,338.222689885714,267.802655588139,141.777310114286,383.290051815807,"2018-10-08",177.764698625154,89.0655449451852,275.987507043229,251.435301374846,153.212492956771,340.134455054815,53438.4,7
57341,152.693381180223,61.1268279736645,251.342743256513,258.306618819777,159.657256743487,349.873172026336,"2018-10-15",180.271172151628,85.3254502988113,284.799038935058,253.128827848372,148.600961064942,348.074549701189,57234.2,7
61159,179.64991087344,92.4338219484927,279.602581349278,265.35008912656,165.397418650722,352.566178051507,"2018-10-22",193.259862269515,86.2064471808772,309.962194128129,259.140137730485,142.437805871871,366.193552819123,60195.4,7
61887,171.074675324675,66.0157354062905,289.303521903034,240.925324675325,122.696478096965,345.984264593709,"2018-10-29",201.290669076366,86.8644490696678,324.403533612152,256.309330923634,133.196466387848,370.735550930333,63144.6,7
66236,250.683999557374,114.745902391745,391.339434246106,263.316000442626,122.660565753894,399.254097608255,"2018-11-05",216.537923576252,92.2311622990461,349.238604479866,255.062076423748,122.361395520133,379.368837700954,65913.2,7
69100,252.351378446115,99.9999576281453,410.429387305831,253.648621553885,95.5706126941695,406.000042371855,"2018-11-12",227.639654016434,91.9430532976355,370.961053091142,264.960345983566,121.638946908858,400.656946702365,69290,7
71184,228.929653679654,87.9603941205563,375.518097595085,252.070346320346,105.481902404915,393.039605879444,"2018-11-19",255.91753946432,100.336199081924,417.205725997113,282.68246053568,121.394274002887,438.263800918076,73717.6,7
78043,235.158563074353,90.9932769414397,388.214824405656,314.841436925647,161.785175594344,459.00672305856,"2018-11-26",284.284494327482,110.02928276433,462.558981589736,297.915505672518,119.641018410264,472.170717235671,78657.8,7
84025,312.464102564103,107.981464327733,520.526886432889,329.535897435897,121.473113567111,534.018535672267,"2018-12-03",312.113323977364,127.906342510051,497.033675668713,300.886676022636,115.966324331287,485.09365748995,84941.8,7
90937,392.518773873186,163.211320803773,618.105712209221,339.481226126814,113.894287790779,568.788679196227,"2018-12-10",338.1190599081,145.615424596377,529.201273227038,303.6809400919,112.598726772962,496.184575403623,90910.6,7
100520,391.495526695527,189.385256356751,582.802857700714,268.504473304473,77.1971422992862,470.614743643249,"2018-12-17",348.607252055134,154.604805509981,540.068351677621,304.392747944866,112.931648322379,498.395194490019,97921,7
101028,358.958333333333,176.505804552188,536.356085386714,266.041666666667,88.6439146132864,448.494195447812,"2018-12-24",344.084170822641,155.787914475938,531.923080390802,327.315829177359,139.476919609198,515.612085524062,106405.6,7
113095,287.599523809524,135.940181509459,442.550216658569,318.400476190476,163.449783341431,470.059818490541,"2018-12-31",348.473880744227,161.962905561828,535.749839637263,341.726119255772,154.450160362737,528.237094438172,114301.2,7
126448,289.848696401638,113.897009157519,479.800529998794,444.151303598362,254.199470001206,620.102990842481,"2019-01-07",363.973393084752,175.901063414833,553.739057877312,360.826606915248,171.060942122688,548.898936585167,122041.4,7
130415,414.467323481117,194.086276233222,637.239508441526,411.532676518883,188.760491558474,631.913723766778,"2019-01-14",405.655665812025,210.153014600157,603.239942669377,392.144334187975,194.560057330623,587.646985399844,131981.2,7
139221,468.99308839815,259.076045621776,672.748948900956,364.00691160185,160.251051099044,573.923954378224,"2019-01-21",454.658095251683,244.310022796108,665.365873850174,413.741904748317,203.034126149826,624.089977203892,139678.2,7
150727,567.369696969697,347.765560478808,783.860509347038,422.630303030303,206.139490652962,642.234439521192,"2019-01-28",533.449805024095,317.764413492667,745.572252111033,412.150194975905,200.027747888967,627.835586507333,144972,7
151580,532.611671007814,306.725222489217,753.179872562558,426.388328992186,205.820127437442,652.274777510783,"2019-02-04",610.804060899929,396.076598958597,818.896536725081,418.595939100071,210.503463274919,633.323401041404,148532.2,7
152917,683.807245263697,481.168962640313,880.832421303087,436.192754736303,239.167578696913,638.831037359687,"2019-02-11",706.03452184846,491.095215758503,912.787336324652,421.56547815154,214.812663675348,636.504784241497,148157,7
148216,801.238602860286,585.647203562869,1003.86093151177,443.761397139714,241.139068488233,659.352796437131,"2019-02-18",826.775306795563,611.1454158265,1033.44003807545,436.224693204437,229.55996192455,651.8545841735,143675,7
137345,945.145393140805,734.16912962131,1142.20294689881,378.854606859195,181.797053101192,589.83087037869,"2019-02-25",1043.41205705353,820.243153562189,1257.30573179297,462.58794294647,248.69426820703,685.756846437811,138233.6,7
128317,1171.07362170522,948.016560818791,1387.12401810103,495.926378294784,279.875981898971,718.983439181209,"2019-03-04",1356.72931683457,1113.44458779135,1589.25837513105,481.870683165433,249.341624868952,725.155412208647,130551,7
124373,1615.79542229765,1352.21391116766,1872.50834115016,558.204577702354,301.49165884984,821.786088832337,"2019-03-11",1699.27039713731,1443.27555241753,1944.69853533074,503.92960286269,258.501464669255,759.924447582473,121656.8,7
114504,2250.39354416888,1947.17613378613,2540.59563799347,532.606455831119,242.404362006525,835.823866213868,"2019-03-18",1931.39210025101,1658.54018050023,2193.8344505058,525.407899748987,262.965549494196,798.259819499774,112144.8,7
103745,2513.944004374,2234.80202669374,2781.06173251025,554.055995626,286.938267489749,833.19797330626,"2019-03-25",2130.53118897718,1837.68058856806,2411.93796372006,534.668811022823,253.262036279941,827.519411431937,103134.8,7
89785,2105.75390870932,1810.49227003481,2387.8825227741,486.246091290677,204.117477225897,781.507729965195,"2019-04-01",2204.56071986208,1905.89754289683,2491.18542063719,518.639280137919,232.01457936281,817.302457103166,92576,7
83267,2166.76906533604,1843.71860115798,2477.64158417231,542.230934663964,231.358415827693,865.281398842025,"2019-04-08",2172.53815920551,1875.13040335736,2456.59144256253,499.461840794486,215.408557437472,796.869596642639,83215,7
71579,1985.94307672216,1693.29868281152,2268.74562573581,478.056923277835,195.254374264187,770.701317188481,"2019-04-15",1939.62806723814,1654.86032435285,2211.01946966001,455.571932761864,184.180530339988,740.339675647151,73710,7
67699,2090.28074088605,1793.34043608877,2367.62574762017,436.719259113952,159.374252379834,733.659563911231,"2019-04-22",1858.00185072197,1587.9055043543,2115.214879091,418.998149278032,161.785120909,689.094495645705,66863.2,7
56220,1349.39354453711,1133.45163167118,1553.20186799767,334.606455462892,130.798132002327,550.54836832882,"2019-04-29",1776.40181422025,1531.55378309569,2007.61634696916,361.798185779754,130.583653030843,606.646216904308,61168.2,7
55551,1697.62282612848,1475.71817004203,1908.85956992904,303.377173871517,92.140430070959,525.281829957967,"2019-05-06",1688.43613689136,1465.57306449223,1895.82786839098,310.563863108637,103.172131609022,533.426935507773,57002.2,7
54792,1758.76888282743,1561.95999486496,1939.64892356309,256.231117172573,75.3510764369058,453.040005135037,"2019-05-13",1549.04401505567,1353.42441238797,1731.3650560204,272.755984944333,90.4349439796044,468.375587612026,53254.4,7
50749,1546.11469007775,1363.39508979419,1709.80323284492,221.88530992225,58.1967671550824,404.604910205807,"2019-05-20",1527.93118398383,1351.06104887542,1690.77591547853,235.268816016172,72.4240845214653,412.138951124576,51067.4,7
48960,1393.32013170757,1232.5971755675,1545.31168576725,247.679868292432,95.6883142327468,408.402824432497,"2019-05-27",1419.23389373819,1254.91867299066,1567.95388938982,213.166106261806,64.4461106101752,377.481327009336,49333.4,7
45285,1243.82938917791,1121.63481410843,1350.25616528837,147.170610822089,40.7438347116316,269.365185891572,"2019-06-03",1297.59395019276,1140.54849400386,1438.10188238483,198.406049807241,57.8981176151655,355.451505996144,47098.8,7
46881,1154.13637490032,995.006290618236,1294.74943948549,192.863625099685,52.2505605145083,351.993709381764,"2019-06-10",1187.55040380578,1033.12202820911,1326.15786155778,196.649596194217,58.0421384422176,351.077971790886,45730.2,7
43619,1150.56916510025,990.109099930921,1290.38888853814,182.430834899749,42.6111114618573,342.890900069079,"2019-06-17",1103.09125876746,947.60217117443,1239.48979376411,183.908741232542,47.510206235889,339.397828825571,44478.8,7
43906,995.896958142871,826.262760820482,1150.08312870966,213.103041857129,58.916871290343,382.737239179518,"2019-06-24",1023.20876162471,863.694548019186,1162.5935970842,194.591238375294,55.2064029157971,354.105451980815,43749,7
42703,971.024406515941,804.997890394082,1111.9713467989,183.975593484059,43.0286532011038,350.002109605918,"2019-07-01",961.325093704697,806.036131819186,1096.28121315716,192.074906295303,57.118786842837,347.363868180815,42595.6,7
41636,844.416903464153,702.096698332208,965.775181888828,200.583096535847,79.2248181111721,342.903301667792,"2019-07-08",875.983804737085,725.21888963461,1007.34321571623,198.616195262915,67.2567842837724,349.38111036539,41288.4,7
41114,844.718035300267,706.714209618234,963.187519850292,180.281964699733,61.8124801497078,318.285790381766,"2019-07-15",813.280963047254,669.069605173499,937.541397185999,191.519036952746,67.258602814001,335.730394826502,39765.6,7
37083,723.862720262194,586.022889008044,845.698901333466,215.137279737806,93.3010986665342,352.977110991956,"2019-07-22",757.676064375333,617.980512381139,879.322656465748,195.923935624667,74.2773435342523,335.619487618862,38684,7
36292,682.382749693713,545.516338514924,801.074036058514,177.617250306287,58.9259639414863,314.483661485076,"2019-07-29",729.707126641505,583.023355178402,860.870906535638,210.292873358495,79.1290934643621,356.976644821598,37563.2,7
37295,692.99991315634,549.552426432282,820.87764319764,206.00008684366,78.1223568023601,349.447573567718,"2019-08-05",712.89160553334,553.37682332171,858.382934414059,241.70839446666,96.2170655859414,401.22317667829,36840,7
36032,704.572214795009,527.310912318527,873.516432238279,272.427785204991,103.483567761721,449.689087681473,"2019-08-12",725.774801661256,557.713178710788,878.87052754643,262.225198338744,109.129472453569,430.286821289212,37151,7
37498,760.640429759445,558.481550334774,950.747659242395,337.359570240555,147.252340757604,539.518449665226,"2019-08-19",752.390218789714,570.783157543596,918.003659885184,292.409781210286,126.796340114816,474.016842456405,38119.4,7
38638,788.278700901773,607.704665953434,948.136866995326,317.721299098227,157.863133004674,498.295334046566,"2019-08-26",759.248246839354,572.821641002572,929.863338196048,313.951753160646,143.336661803952,500.378358997428,39038.6,7
41134,815.459835336004,610.866232678962,996.739697752279,328.540164663996,147.260302247721,533.133767321038,"2019-09-02",774.935830417034,592.421424275323,940.365992134977,309.464169582966,144.034007865023,491.978575724677,41018.6,7
41891,727.290053404539,559.744843727163,880.176034751961,313.709946595461,160.823965248039,481.255156272837,"2019-09-09",802.715386371258,632.727086955486,954.995533355187,290.084613628742,137.804466644813,460.072913044514,43494.4,7
45932,783.010132683409,625.309828682284,926.029701932923,249.989867316591,106.970298067077,407.690171317716,"2019-09-16",770.871536184037,607.248225154095,917.949763820298,270.528463815963,123.450236179702,434.151774845906,46939.4,7
49877,899.538209530564,760.009863735587,1023.89536534345,240.461790469436,116.104634656552,379.990136264413,"2019-09-23",763.485234252238,610.321300223906,902.262309805518,255.914765747762,117.137690194482,409.078699776095,51489,7
55863,629.059449965668,480.310356946478,762.908019320878,219.940550034332,86.0919806791224,368.689643053522,"2019-09-30",762.764672557303,609.288675788526,902.686801330938,240.835327442697,100.913198669062,394.311324211475,56290.8,7
63882,778.52832567701,626.231608028016,918.302427678381,255.47167432299,115.697572321619,407.768391971984,"2019-10-07",816.950446426421,657.933531516466,962.808405153645,240.849553573579,94.9915948463554,399.866468483534,61277.8,7
65900,723.687244929867,554.581721550264,882.298492379063,238.312755070133,79.7015076209373,407.418278449736,"2019-10-14",890.282869608326,719.61812116774,1046.03667195049,239.517130391674,83.7633280495121,410.18187883226,65427.4,7
70867,1053.939002029,868.534107321986,1226.63772104645,250.060997971002,77.362278953546,435.465892678014,"2019-10-21",1166.31851159173,975.481049352844,1339.29116020977,259.681488408272,86.708839790232,450.518950647157,69829.8,7
70625,1266.20032544009,1068.43281199196,1440.03669932766,233.799674559911,59.9633006723353,431.567188008043,"2019-10-28",1509.70748228833,1289.61622484828,1709.37694615313,279.49251771167,79.8230538468703,499.583775151717,73494,7
77875,2009.23765988267,1759.62499787199,2229.18046061728,320.762340117326,100.819539382722,570.375002128005,"2019-11-04",2128.33330430437,1877.94363385817,2355.10928129768,308.666695695629,81.8907187023175,559.056366141828,78605.4,7
82203,2495.47317916002,2196.90748550521,2768.73135739519,354.526820839979,81.2686426048104,653.092514494787,"2019-11-11",2769.52512141531,2475.41575943416,3037.50016585211,357.474878584692,89.4998341478885,651.584240565837,83044,7
91457,3816.81635501007,3496.21876659971,4110.96016810183,384.183644989927,90.0398318981732,704.78123340029,"2019-11-18",3606.47840236888,3247.19751080823,3938.00245921731,434.321597631122,102.797540782692,793.602489191772,89694.8,7
93060,4259.89808758368,3855.89473520194,4638.5921438186,494.101912416317,115.407856181401,898.105264798058,"2019-11-25",4816.72900838177,4350.76534157245,5251.17482850188,544.470991618229,110.025171498115,1010.43465842755,96604.8,7
103879,5450.96673020794,4927.34156886228,5942.54816615365,618.033269792063,126.451833846354,1141.65843113772,"2019-12-02",6828.72071959436,6210.78094266805,7407.43603593162,705.879280405636,127.163964068384,1323.81905733195,105493.2,7
112425,8060.49068994714,7277.46415169309,8795.04230704016,871.509310052858,136.957692959835,1654.53584830691,"2019-12-09",9195.32102642228,8395.48304532423,9946.34437604891,907.678973577721,156.655623951087,1707.51695467577,112990.8,7
126645,12555.431735223,11496.9854909832,13550.0373945438,1161.56826477701,166.962605456158,2220.01450901678,"2019-12-16",11153.4444362717,10195.2785829586,12051.8429166014,1074.3555637283,175.957083398587,2032.5214170414,121649.8,7
128945,15649.8178891496,14419.7292798806,16805.5018686883,1393.18211085035,237.498131311688,2623.27072011938,"2019-12-23",12635.3779517198,11514.7426997573,13687.5836749019,1245.0220482802,192.816325098097,2365.65730024265,129699.2,7
136355,14050.5151368308,12854.8724233738,15166.0848465811,1327.48486316924,211.915153418897,2523.12757662621,"2019-12-30",13735.737776422,12484.6952167645,14910.2014889853,1370.06222357799,195.598511014661,2621.10478323552,138085.2,7
144126,12860.6343074484,11524.662152856,14121.2519576561,1471.36569255156,210.748042343906,2807.33784714399,"2020-01-06",14249.4223135507,12835.1909658099,15580.1793647264,1524.37768644927,193.620635273643,2938.60903419015,143465,7
154355,13562.2898134582,12127.2267367288,14908.1313774573,1496.71018654177,150.868622542657,2931.77326327123,"2020-01-13",14432.5030939324,12839.4718952657,15933.5933805937,1685.09690606762,184.006619406285,3278.12810473427,150846,7
153544,15123.8544208665,13249.4642362101,16899.9267732489,1933.14557913345,157.073226751065,3807.53576378992,"2020-01-20",14719.7139153682,12927.1160756402,16413.8919724257,1868.8860846318,174.708027574297,3661.48392435976,156263.6,7
165850,16565.2217910579,14441.13392716,18572.5719480251,2196.77820894207,189.4280519749,4320.86607283998,"2020-01-27",14788.5350223416,12857.4606786117,16607.8902865628,1987.86497765836,168.509713437179,3918.93932138833,158682.8,7
163443,15486.5692440099,13293.0933252463,17567.577805741,2246.43075599013,165.422194258958,4439.90667475369,"2020-02-03",14233.0518914853,12249.0796540704,16099.504794576,2035.14810851468,168.695205423985,4019.12034592959,157246,7
156222,13204.7398423156,11176.3851677132,15091.2435283417,2066.26015768436,179.756471658313,4094.61483228682,"2020-02-10",13101.773982561,11160.5423281216,14918.0506118581,1981.42601743897,165.149388141938,3922.65767187843,156252.2,7
147171,10784.8741591766,9085.32161402246,12366.2039175233,1733.1258408234,151.79608247669,3432.67838597754,"2020-02-17",11295.1410647234,9488.5743376946,12970.0611606702,1826.25893527658,151.338839329836,3632.8256623054,154459.8,7
148575,9467.46487624512,7806.77760646587,10992.6558596592,1664.53512375488,139.344140340828,3325.22239353413,"2020-02-24",9369.95142622199,7743.30233444169,10857.6068427692,1625.24857377801,137.593157230805,3251.89766555831,158397.2,7
156888,7532.05720186987,6081.29397502516,8832.62469208561,1420.94279813013,120.375307914391,2871.70602497484,"2020-03-02",7299.1344317326,5919.35162192602,8548.69585785945,1360.6655682674,111.104142140555,2740.44837807398,163541.4,7
183130,5860.62105150272,4566.7333089818,7005.3062162362,1241.37894849728,96.6937837638016,2535.2666910182,"2020-03-09",5338.26205087767,4206.21185384866,6353.0404608302,1103.13794912233,88.3595391698045,2235.18814615134,162642.8,7
181943,2850.65486986869,2056.63160513481,3546.68860379294,743.345130131307,47.3113962070627,1537.36839486519,"2020-03-16",3530.92050420008,2679.25516965985,4284.85986492886,817.279495799922,63.3401350711401,1668.94483034015,156441.4,7
142678,980.512254901961,519.622773635652,1387.92693237706,445.487745098039,38.0730676229381,906.377226364348,"2020-03-23",2052.50239715944,1470.81104123823,2565.16829359266,553.097602840563,40.431706407339,1134.78895876178,141623.2,7
117568,430.757142857143,171.994185521843,651.752880152494,235.242857142857,14.2471198475061,494.005814478157,"2020-03-30",897.89485352556,561.919042401233,1192.7605499772,316.505146474441,21.6394500228015,652.480957598768,119738,7
82797,139.966666666667,39.0733329170211,234.166835404615,100.033333333333,5.83316459538544,200.926667082979,"2020-04-06",338.563879551821,152.462721374271,503.152829218611,177.436120448179,12.8471707813889,363.53727862573,97303.4,7
73704,87.5833333333333,22.2733147968376,143.267498158886,58.4166666666667,2.73250184111412,123.726685203162,"2020-04-13",150.128095238095,50.2900954983942,237.946936393801,93.2719047619048,5.45306360619922,193.109904501606,80320.6,7
69770,54,9.35,98.65,48,3.35,92.65,"2020-04-20",68.0766666666669,16.0962583940255,115.591360363302,50.5233333333334,3.00863963669801,102.503741605975,68577.6,7
57764,38.3333333333333,8.75964425626941,61.8974682530104,24.6666666666667,1.1025317469896,54.2403557437306,"2020-04-27",44.1833333333335,8.67659181062127,76.5629932823792,34.4166666666667,2.03700671762092,69.923408189379,63230.8,7
58853,20.5,1.025,39.975,21.5,2.025,40.975,"2020-05-04",28.7666666666669,4.32692885125374,52.004493650602,24.8333333333334,1.59550634939809,49.2730711487465,58168.6,7
56063,20.5,1.975,39.025,19.5,0.975,38.025,"2020-05-11",19.2666666666669,2.52192885125374,34.809493650602,16.5333333333334,0.990506349398094,33.2780711487465,53572.6,7
48393,10.5,0.525,20.475,10.5,0.525,20.475,"2020-05-18",13.4000000000002,0.859999999999858,25.9399999999999,13.4000000000001,0.860000000000174,25.9400000000004,51233.4,7
46790,6.5,0.325,12.675,6.5,0.325,12.675,"2020-05-25",13.1666666666669,2.83285054261838,23.0873259423944,10.4333333333334,0.512674057605709,20.7671494573819,48400.4,7
46068,9,0.45,17.55,9,0.45,17.55,"2020-06-01",10.5666666666669,2.70285054261838,18.0173259423944,7.8333333333334,0.382674057605709,15.6971494573819,46186.2,7
44688,19.3333333333333,10.8892527130926,25.7116297119723,6.66666666666667,0.288370288027676,15.1107472869074,"2020-06-08",10.4666666666669,2.88785054261838,17.6323259423944,7.5333333333334,0.367674057605709,15.1121494573819,46342.8,7
44992,7.5,1.325,13.675,6.5,0.325,12.675,"2020-06-15",10.5666666666669,3.08285054261838,17.6373259423944,7.4333333333334,0.362674057605709,14.9171494573819,47414.6,7
49176,10,1.45,18.55,9,0.45,17.55,"2020-06-22",10.0666666666669,3.43785054261838,16.2823259423944,6.5333333333334,0.317674057605709,13.1621494573819,49055.4,7
52149,7,1.3,12.7,6,0.3,11.7,"2020-06-29",8.10000000000019,1.35499999999986,14.8449999999999,7.10000000000007,0.355000000000174,13.8450000000004,52563.6,7
54272,6.5,2.225,10.775,4.5,0.225,8.775,"2020-07-06",7.90000000000019,1.72499999999986,14.0749999999999,6.50000000000007,0.325000000000174,12.6750000000004,57333.2,7
62229,9.5,0.475,18.525,9.5,0.475,18.525,"2020-07-13",7.30000000000019,2.07499999999986,12.5249999999999,5.50000000000007,0.275000000000174,10.7250000000004,61968.6,7
68840,6.5,3.175,9.825,3.5,0.175,6.825,"2020-07-20",7.30000000000019,2.45499999999986,12.1449999999999,5.10000000000007,0.255000000000174,9.94500000000038,68038.4,7
72353,7,3.2,10.8,4,0.2,7.8,"2020-07-27",9.30000000000019,4.26499999999986,14.3349999999999,5.30000000000007,0.265000000000174,10.3350000000004,73107.4,7
82498,7,3.2,10.8,4,0.2,7.8,"2020-08-03",8.70000000000019,4.61499999999986,12.7849999999999,4.30000000000007,0.215000000000174,8.38500000000038,76171.4,7
79617,16.5,11.275,21.725,5.5,0.275,10.725,"2020-08-10",9.90000000000019,4.86499999999986,14.9349999999999,5.30000000000007,0.265000000000174,10.3350000000004,76711.2,7
77549,6.5,2.225,10.775,4.5,0.225,8.775,"2020-08-17",10.2000000000002,4.87999999999986,15.5199999999999,5.80000000000007,0.480000000000174,11.1200000000004,76634.4,7
71539,12.5,4.425,20.575,8.5,0.425,16.575,"2020-08-24",12.4000000000002,6.50999999999986,18.2899999999999,6.40000000000007,0.510000000000174,12.2900000000004,73495.8,7
71969,8.5,3.275,13.725,6.5,1.275,11.725,"2020-08-31",12.5000000000002,5.75499999999986,19.2449999999999,7.30000000000007,0.555000000000174,14.0450000000004,72643.2,7
66805,18,11.35,24.65,7,0.35,13.65,"2020-09-07",15.3000000000002,8.36499999999986,22.2349999999999,7.50000000000007,0.565000000000174,14.4350000000004,71433.2,7
75354,17,7.5,26.5,10,0.5,19.5,"2020-09-14",18.6600000000002,10.3145270728766,26.963738107358,8.94000000000007,0.636261892642116,17.2854729271237,75831,7
71499,20.5,15.275,25.725,5.5,0.275,10.725,"2020-09-21",26.9600000000002,15.3530787007321,37.2857159345414,10.8400000000001,0.514284065458721,22.4469212992681,80358,7
93528,29.3,14.1726353643835,44.2186905367903,15.7,0.78130946320971,30.8273646356165,"2020-09-28",32.1600000000002,17.7030787007321,45.3357159345413,13.8400000000001,0.664284065458721,28.2969212992681,84942.2,7
94604,50,28.4677581392778,65.334889135917,16,0.665110864083027,37.5322418607222,"2020-10-05",38.4400000000002,22.3174919360093,53.2501832830197,15.5600000000001,0.749816716980393,31.6825080639909,91486.2,7
89726,44,23.1,64.9,22,1.1,42.9,"2020-10-12",45.2000000000002,26.760042249536,62.7978124050469,20.2000000000001,2.60218759495315,38.6399577504642,100931.2,7
108074,48.4,30.5720661763861,66.0723367423916,18.6,0.927663257608359,36.4279338236139,"2020-10-19",49.3511111111113,27.7449818586171,70.0365465188639,23.648888888889,2.96345348113621,45.2550181413832,108030.2,7
118724,54.3,37.4877515676334,73.4631456101362,28.7,9.53685438986379,45.5122484323666,"2020-10-26",50.2511111111113,26.5471897548584,76.0766754147996,30.548888888889,4.72332458520043,54.2528102451419,120233.4,7
129023,50.0555555555556,19.0973334097887,80.412361105875,32.9444444444444,2.58763889412501,63.9026665902113,"2020-11-02",52.9329292929295,28.0946124302823,82.2862698322923,37.6670707070708,8.31373016770773,62.505387569718,131150.6,7
155620,54.5,22.4787976204844,95.5355336155959,50.5,9.46446638440411,82.5212023795156,"2020-11-09",57.6862626262628,29.8549785888775,88.4486220768106,39.1137373737374,8.35137792318951,66.9450214111228,136491.6,7
144312,57.4090909090909,30.8371133771195,95.9479720874635,57.5909090909091,19.0520279125365,84.1628866228804,"2020-11-16",64.1338816738819,31.8735961576761,99.3028775207742,45.4661183261184,10.2971224792259,77.7264038423241,152108,7
134779,72.1666666666667,39.373896969362,96.8840979649827,25.8333333333333,1.11590203501728,58.626103030638,"2020-11-23",75.3727705627708,40.6421167925662,109.805987416241,44.4272294372295,9.99401258375888,79.157883207434,166651.6,7
196806,86.5380952380952,47.5808394116267,127.734422829955,60.4619047619048,19.2655771700455,99.4191605883733,"2020-11-30",86.9727705627708,48.2913572684693,123.553880693122,45.4272294372295,8.84611930687806,84.1086427315309,175910,7
201741,106.25,62.9399365842391,132.92791058321,27.75,1.07208941679017,71.0600634157609,"2020-12-07",100.424285714286,57.8671108429404,138.29423551225,43.3757142857144,5.50576448775023,85.9328891570598,178877.4,7
201912,112.5,60.725,164.275,55.5,3.725,107.275,"2020-12-14",106.490952380953,61.657331449068,148.252415919253,47.5090476190477,5.74758408074677,92.3426685509322,174463.6,7
159149,124.666666666667,78.7158812494751,169.649746183103,47.3333333333333,2.35025381689734,93.2841187505249,"2020-12-21",138.983333333334,89.0218184503094,181.706464834813,45.6166666666667,2.89353516518749,95.5781815496909,162629.2,7
112710,102.5,58.325,146.675,46.5,2.325,90.675,"2020-12-28",158.6,108.365907819806,202.62295718483,47.0000000000001,2.9770428151697,97.2340921801947,150328,7
137634,249,184.403274417833,295.004667407751,51,4.99533259224908,115.596725582167,"2021-01-04",181.033333333334,132.502530596407,223.315441361412,45.1666666666667,2.88455863858839,93.697469403593,137018,7
140235,204.333333333333,159.66038343172,237.510372333299,34.6666666666667,1.48962766670123,79.3396165682802,"2021-01-11",195.862350119904,149.561773760111,236.025350410625,43.137649880096,2.97464958937539,89.4382262398893,131817.8,7
135362,224.666666666667,181.408113883008,267.737420882907,46.3333333333333,3.26257911709343,89.5918861169916,"2021-01-18",211.862350119904,165.181773760111,252.405350410625,43.737649880096,3.19464958937539,90.4182262398893,136292.4,7
133148,198.81175059952,164.012097067994,233.199291429168,37.1882494004796,2.80070857083237,71.9879029320061,"2021-01-25",183.262350119904,143.369538834205,219.383847286002,38.537649880096,2.41615271399824,78.4304611657953,136659.8,7
135083,182.5,136.425,228.575,49.5,3.425,95.575,"2021-02-01",161.895683453238,124.952462147861,197.366772819342,37.9043165467627,2.43322718065799,74.8475378521393,136101.4,7
139471,106,75.3420997883031,129.897151784637,25,1.1028482153633,55.6579002116969,"2021-02-08",137.862350119904,103.775839371259,170.514288642761,35.137649880096,2.48571135723931,69.224160628741,137505.6,7
137443,97.5,67.575,127.425,31.5,1.575,61.425,"2021-02-15",122.883098591549,90.5818194010792,153.803996415841,33.1169014084508,2.196003584159,65.418180598921,138605.6,7
142383,104.5,75.525,133.475,32.5,3.525,61.475,"2021-02-22",114.614050972502,86.338826255883,140.678587303167,27.7859490274984,1.72141269683268,56.0611737441172,139886,7
138648,123.915492957746,98.0419972170939,149.647830294569,27.0845070422535,1.35216970543082,52.9580027829061,"2021-03-01",141.044606528057,113.756842484259,167.431570310047,28.1553934719428,1.76842968995321,55.4431575157415,140862,7
141485,141.154761904762,115.210034274019,162.947954436632,22.8452380952381,1.0520455633684,48.7899657259812,"2021-03-08",166.723596427047,141.010719576995,191.512937394953,27.4764035729529,2.68706260504656,53.1892804230054,142988.4,7
144351,238.152777777778,212.432180930182,263.662066819034,26.8472222222222,1.33793318096598,52.5678190698183,"2021-03-15",193.220024998476,169.682644779385,215.827846170013,24.7799750015244,2.17215382998658,48.317355220615,142883.8,7
148075,225.894949494949,203.84438546368,247.831835424533,28.1050505050505,6.16816457546675,50.1556145363196,"2021-03-22",217.736926406927,196.049245335966,238.5232801111,23.0630735930737,2.27671988890042,44.7507546640338,143259.8,7
141860,236.982142857143,218.884626011952,255.0495438753,19.0178571428571,0.950456124700093,37.1153739880479,"2021-03-29",245.498281718282,225.369093987103,265.54349260477,22.3017182817183,2.25650739522969,42.430906012897,143219.4,7
140528,246.5,229.875,263.125,18.5,1.875,35.125,"2021-04-05",268.061064346896,249.448225332776,286.620909433593,20.7389356531038,2.17909056640711,39.3517746672243,143200.2,7
141283,279.961538461538,261.809277529703,298.049016904985,19.0384615384615,0.950983095014776,37.1907224702974,"2021-04-12",296.879864503155,280.391234158212,313.334486090847,17.5201354968451,1.06551390915273,34.0087658417884,139817,7
144255,350.966690920851,332.827837658545,369.049150963147,19.0333090791495,0.950849036853046,37.1721623414547,"2021-04-19",317.847901340532,299.954646924793,335.086729831614,19.7520986594686,2.51327016838609,37.645353075207,136726,7
131159,369.988950276243,358.55942959086,381.399718710805,12.0110497237569,0.600281289194846,23.4405704091402,"2021-04-26",331.242438377569,314.474612156669,347.346590575679,18.3575616224316,2.25340942432122,35.1253878433313,133879.4,7
126405,341.822327044025,316.701689844859,363.810762579133,30.1776729559748,8.18923742086691,55.2983101551406,"2021-05-03",352.962359831953,337.305403011121,367.249985535737,17.237640168047,2.95001446426285,32.8945969888792,129504.4,7
126295,313.472685185185,302.474826159378,324.424303720324,11.5273148148148,0.575696279675651,22.5251738406215,"2021-05-10",380.713475792624,364.207937970717,395.808333538008,18.0865242073764,2.99166646199245,34.5920620292836,121212.2,7
119408,388.561145733461,375.963231801963,397.565991705277,13.4388542665388,4.43400829472293,26.0367681980369,"2021-05-17",395.868220199548,377.560194474387,412.715541282921,20.331779800452,3.48445871707931,38.6398055256137,113764.8,7
102794,489.722270724204,467.340512456523,511.840890974499,23.2777292757961,1.15910902550104,45.6594875434769,"2021-05-24",411.905200757258,393.760498402679,429.105339371752,19.2947992427425,2.09466062824813,37.4395015973215,106297,7
93922,445.762672310865,425.320712109209,465.935757435371,23.2373276891349,3.06424256462915,43.6792878907906,"2021-05-31",416.503845538403,396.265624431207,435.795304047518,21.6961544615978,2.40469595248185,41.9343755687928,100739.8,7
89066,422.007229832572,397.70320948632,445.759753023289,24.9927701674277,1.24024697671104,49.2967905136798,"2021-06-07",396.355873419823,372.822380110826,419.58201268783,25.0441265801775,1.81798731217024,48.5776198891747,96990,7
98509,336.465909090909,315.000456302022,357.874127099156,23.5340909090909,2.12587290084424,44.9995436979779,"2021-06-14",340.944752608315,316.655900396123,364.941318669511,26.255247391685,2.25868133048872,50.5440996038777,96569.8,7
100659,287.821285140562,258.747010200053,316.499534906835,30.1787148594378,1.50046509316486,59.2529897999465,"2021-06-21",295.375112882984,272.279010416186,318.203731283215,24.6248871170159,1.79626871678539,47.7209895838141,95169,7
100693,212.666666666667,186.508113883008,238.637420882907,29.3333333333333,3.36257911709342,55.4918861169916,"2021-06-28",265.871797757591,243.615710667148,287.291448314667,23.1282022424089,1.70855168533326,45.3842893328522,95613.4,7
86918,217.914473684211,203.436262209527,232.247820503887,15.0855263157895,0.752179496112535,29.5637377904729,"2021-07-05",243.42861593941,221.201060471036,264.70158063964,22.7713840605907,1.49841936036018,44.9989395289639,98786,7
91288,274.490654205607,254.38671074113,291.19833818055,17.5093457943925,0.801661819450376,37.6132892588703,"2021-07-12",241.954232329019,222.772437562402,260.254570295669,20.0457676709816,1.74542970433099,39.2275624375986,100486,7
114372,224.25,202.927205321464,244.924788724021,21.75,1.07521127597884,43.0727946785361,"2021-07-19",247.778041852828,229.80655665936,264.727875374573,18.2219581471721,1.2721246254268,36.1934433406402,104953.8,7
109159,280.449367088608,266.60389565688,294.264483186981,16.5506329113924,2.73551681301891,30.39610434312,"2021-07-26",259.740601661441,241.103318128232,277.296887710319,18.8593983385597,1.3031122896806,37.4966818717684,113258.6,7
123032,241.785714285714,221.678709367801,261.003946277428,20.2142857142857,0.996053722572447,40.3212906321995,"2021-08-02",258.242470820319,240.460053225974,275.125429989569,18.1575291796811,1.2745700104311,35.9399467740261,127024.4,7
128442,277.727272727273,259.920069553886,295.092882182618,18.2727272727273,0.907117817381573,36.0799304461142,"2021-08-09",283.4898517727,265.984129616793,299.94970630539,18.1101482273002,1.65029369460985,35.6158703832069,136667.4,7
160117,267,251.170386229841,280.341049576797,14,0.658950423202853,29.8296137701586,"2021-08-16",314.891314249131,295.757995274654,331.754274669253,18.5086857508689,1.64572533074716,37.6420047253464,145332.8,7
162587,350.486904761905,330.54758727556,369.046170303127,21.5130952380952,2.95382969687258,41.45241272444,"2021-08-23",397.527852551409,378.688394514099,413.790392564604,17.8721474485915,1.60960743539596,36.7116054859013,152662.4,7
152486,437.456679470764,415.473223946182,453.287325006295,18.543320529236,2.71267499370549,40.5267760538176,"2021-08-30",480.908959685744,461.662860735657,496.634610413187,17.291040314256,1.56538958681337,36.537139264343,160389.6,7
159680,654.968405797101,636.330705565026,671.184535754184,17.0315942028985,0.815464245816428,35.6692944349743,"2021-09-06",577.93996788065,555.990123281261,595.922598158283,19.6600321193501,1.67740184171731,41.6098767187397,162756.2,7
167078,694.63280839895,674.792400661678,709.313971425531,15.3671916010499,0.686028574468642,35.2075993383224,"2021-09-13",668.659838959763,646.549401824342,687.452335641002,21.3401610402377,2.54766435899773,43.4505981756579,165884.4,7
171950,752.155040974529,722.806698957858,776.780988302277,25.8449590254707,1.21901169772254,55.1933010421422,"2021-09-20",733.403779021293,708.125223628997,754.542069888706,23.3962209787077,2.25793011129416,48.6747763710033,176614.8,7
178228,804.086260157467,783.343979990969,826.694857716725,29.9137398425329,7.30514228327469,50.656020009031,"2021-09-27",752.883194391763,723.095565749117,777.184883032102,27.3168056082374,3.01511696789826,57.1044342508836,186057,7
206138,761.176379778414,723.352332969455,788.735996244812,28.8236202215863,1.26400375518761,66.6476670305449,"2021-10-04",766.974991163719,733.290489354694,794.060324956685,30.2250088362812,3.13967504331461,63.9095106453059,204048.4,7
206891,752.365482649453,711.182416165624,784.398601471163,36.634517350547,4.60139852883696,77.8175838343759,"2021-10-11",793.702030791325,758.604564946434,821.812853140508,31.2979692086757,3.18714685949244,66.3954350535659,223595.8,7
257035,765.091792258731,725.767018689566,793.69118104845,29.9082077412688,1.30881895155037,69.2329813104335,"2021-10-18",815.322455473665,774.989194021985,846.318857528199,33.0775445263357,2.08114247180123,73.4108059780154,225245,7
269687,885.790239112557,849.377076916558,915.543629221388,31.2097608874432,1.45637077861172,67.6229230834422,"2021-10-25",854.158079681648,809.190294247986,890.062057135446,38.2419203183523,2.33794286455428,83.2097057520144,237184.6,7
186474,912.188383569167,865.267125368721,949.224879655181,38.8116164308328,1.7751203448186,85.7328746312786,"2021-11-01",973.915308301942,926.56657718856,1011.78139911561,39.6846916980586,1.81860088439111,87.0334228114405,237104.6,7
265836,955.354500818331,894.35783409946,1007.45199428105,54.6454991816694,2.54800571895289,115.64216590054,"2021-11-08",1085.07845302054,1035.17891564257,1125.45281081368,42.3215469794612,1.94718918632391,92.2210843574333,227014.2,7
206491,1351.15162575092,1298.06383086849,1392.99531137198,43.8483742490787,2.0046886280211,96.9361691315066,"2021-11-15",1250.36319122681,1193.46838795576,1295.82376317459,47.6368087731913,2.17623682540922,104.53161204424,220977,7
206583,1320.90751585172,1268.8287109596,1362.04823953879,43.0924841482813,1.95176046121438,95.1712890403972,"2021-11-22",1510.0698859131,1444.75874255137,1562.86333730163,55.3301140869037,2.53666269837399,120.641257448633,236390.8,7
239501,1712.21393014391,1640.82443848252,1767.39839102596,57.7860698560939,2.60160897403825,129.175561517475,"2021-11-29",1815.73588244966,1747.50898302401,1872.43508969729,59.4641175503412,2.76491030271116,127.691016975994,241443.4,7
263543,2210.7218570006,2121.71889834675,2284.42275029036,77.278142999395,3.57724970964246,166.281101653245,"2021-12-06",2047.14847531067,1976.16982857594,2108.36648272122,64.2515246893345,3.0335172787845,135.230171424065,261246.4,7
291099,2483.68448350114,2408.10903646266,2555.31075625936,75.3155164988565,3.68924374063872,150.890963537343,"2021-12-13",2366.17429153196,2289.39504757467,2435.30857124381,72.6257084680432,3.49142875618596,149.404952425333,288696.6,7
305506,2508.21459005595,2441.36805862814,2572.65227649161,67.7854099440453,3.34772350838781,134.631941371861,"2021-12-20",2673.42735286867,2598.46985011273,2743.97378783236,74.1726471313255,3.626212167644,149.130149887271,318135,7
343834,2916.03659695817,2834.95480595326,2996.75868215178,84.9634030418251,4.24131784822167,166.045194046739,"2021-12-27",2895.48154314924,2822.88457910252,2966.49314041949,74.7184568507647,3.70685958051046,147.315420897481,339757.6,7
386693,3248.47923682749,3186.19845117283,3310.72447396867,65.520763172505,3.27552603132847,127.801548827167,"2022-01-03",3004.97768674205,2933.61831426526,3075.50346591969,74.2223132579531,3.69653408030962,145.581685734742,348303.6,7
371656,3320.99280840341,3243.79254329571,3397.01951322603,80.0071915965911,3.98048677397476,157.207456704293,"2022-01-10",3042.98397128269,2972.72426092417,3110.68727207749,71.2160287173099,3.51272792250855,141.475739075835,347127,7
333829,3031.1652014652,2961.77771227635,3100.36238376037,72.8347985347985,3.63761623963451,142.222287723648,"2022-01-17",2697.69937136085,2634.30260962112,2756.78109442973,62.1006286391491,3.01890557027144,125.497390378877,329772.8,7
299623,2698.24601275917,2636.89779192267,2748.57130728062,52.7539872408293,2.42869271938248,114.102208077327,"2022-01-24",2461.73664478883,2401.38375883322,2517.74367842588,58.863355211166,2.85632157411955,119.21624116678,302728.8,7
257063,1189.61359734898,1142.84654943805,1227.22779391296,39.3864026510213,1.77220608703614,86.1534505619505,"2022-01-31",2226.91050944471,2169.90094422682,2277.29294415184,52.8894905552852,2.50705584816194,109.899055773176,273956.6,7
251473,2068.66560396741,2021.60419723332,2115.53739394943,49.3343960325894,2.46260605056899,96.3958027666777,"2022-02-07",2049.40845873501,1998.37838444296,2093.80789219193,46.5915412649921,2.19210780807296,97.6216155570426,250112.6,7
227795,2146.86213168281,2086.37847026373,2194.76584185581,50.1378683171869,2.2341581441867,110.621529736272,"2022-02-14",1985.02396962861,1935.01789806236,2028.83533753004,45.9760303713864,2.16466246996006,95.9821019376444,232354.8,7
214609,2143.65494791667,2104.16491335702,2182.93712396081,41.3450520833333,2.06287603918963,80.8350866429829,"2022-02-21",2174.45955667872,2120.81950260881,2221.66261947912,49.5404433212837,2.33738052088237,103.180497391188,222631.2,7
210834,2376.3235672272,2320.09536001966,2423.70853397118,49.6764327728005,2.29146602881796,105.904639980337,"2022-02-28",2068.55946807044,2008.84181126366,2121.74922481488,55.8405319295597,2.65077518511988,115.558188736342,214563.4,7
208445,2136.79153259949,2071.85457217033,2191.36420365835,57.208467400508,2.63579634164771,122.145427829667,"2022-03-07",1867.65264445047,1800.09781026281,1931.15006651136,66.9473555495346,3.44993348864232,134.502189737191,212754.6,7
211134,1539.16516092603,1461.71574050755,1615.97042062824,80.8348390739695,4.02957937175654,158.28425949245,"2022-03-14",1630.24535053174,1538.07124990992,1713.79805326875,88.1546494682632,4.60194673125502,180.328750090082,213586.4,7
218751,1142.32801358294,1042.65846525948,1241.7700503382,105.671986417061,6.22994966179888,205.341534740519,"2022-03-21",1248.41291778805,1148.57202232855,1339.78262753001,96.3870822119487,5.01737246998966,196.227977671449,213502.4,7
218768,956.618478323024,794.032111592563,1096.17705774775,147.381521676976,7.82294225225316,309.967888407437,"2022-03-28",897.246363845473,786.885818686991,1001.08202837417,109.553636154527,5.71797162583102,219.91418131301,211123.2,7
210414,467.161403508772,372.599222112828,553.631405277509,90.8385964912281,4.36859472249116,185.400777887172,"2022-04-04",647.079998326933,527.495916138684,760.192912601683,119.320001673067,6.20708739831708,238.904083861316,208807.2,7
196549,380.958762886598,263.423553962531,497.861207879146,123.041237113402,6.13879212085448,240.576446037469,"2022-04-11",462.681062277012,343.827468639991,575.033870887205,118.318937722988,5.96612911279467,237.172531360009,205226.6,7
199554,288.333333333333,164.766227766017,411.524841765813,129.666666666667,6.47515823418685,253.233772233983,"2022-04-18",304.190699945741,200.402274087495,405.708301103469,106.809300054259,5.29169889653089,210.597725912505,201747,7
200848,220.333333333333,124.316227766017,315.974841765813,100.666666666667,5.02515823418685,196.683772233983,"2022-04-25",259.384889832222,148.437468553068,369.427983844619,115.815110167779,5.77201615538138,226.762531446932,201523.8,7
201370,164.166666666667,76.9061388300842,249.549208829066,89.8333333333333,4.45079117093425,177.093861169916,"2022-05-02",216.453137254902,110.232599064307,321.682609551539,110.746862745098,5.51739044846085,216.967400935693,204210.2,7
209298,243.132352941176,112.775194440691,372.229818983256,135.867647058824,6.7701810167436,266.224805559309,"2022-05-09",196.886470588236,91.1682749301608,301.515918191449,110.113529411765,5.48408180855117,215.831725069839,203299.2,7
209981,166.3,72.3992065187278,259.134336413748,97.7,4.86566358625182,191.600793481272,"2022-05-16",190.101622103387,78.5583299553937,300.605444122577,116.298377896613,5.79455587742269,227.841670044607,201377.4,7
194999,190.5,69.4446070952851,310.691384965362,126.5,6.30861503463845,247.555392904715,"2022-05-23",196.332872103387,79.5798920725894,312.31091595957,122.067127896613,6.08908404042955,238.820107927411,199005.4,7
191239,186.409090909091,61.2665028921812,311.422471421455,131.590909090909,6.57752857854446,256.733497107819,"2022-05-30",181.643068181818,69.7470063868854,292.952910055055,117.156931818182,5.84708994494458,229.052993613115,192936.8,7
189510,195.322916666667,82.0139494160626,308.076568014031,118.677083333333,5.92343198596858,231.986050583937,"2022-06-06",178.316401515152,64.2111395107424,291.836173136507,119.483598484849,5.96382686349295,233.588860489258,186467.6,7
178955,169.683333333333,63.6107660121712,275.439789460681,111.316666666667,5.56021053931874,217.389233987829,"2022-06-13",166.433068181818,56.9013336964286,275.470205239027,114.766931818182,5.72979476097308,224.298666303572,182738,7
177635,149.666666666667,44.7198721380124,253.550651821006,109.333333333333,5.44934817899366,214.280127861988,"2022-06-20",165.795694444445,61.1893560512137,269.741685859728,109.404305555556,5.45831414027165,214.010643948787,179272.4,7
176351,131.083333333333,32.8955780237163,228.861545477961,102.916666666667,5.13845452203908,201.104421976284,"2022-06-27",157.331111111111,57.1465661680012,256.966372256922,104.868888888889,5.23362774307794,205.053433831999,174580,7
173911,183.222222222222,82.7066146661066,282.779874524963,104.777777777778,5.22012547503733,205.293385333893,"2022-07-04",152.376262626263,56.9421868632234,246.847718768053,99.4237373737374,4.9522812319473,194.857813136777,171520.4,7
166048,153,61.8,244.2,96,4.8,187.2,"2022-07-11",151.662373737374,62.2223786147353,240.161822742235,93.1376262626263,4.63817725776463,182.577621385265,167064.4,7
163657,144.909090909091,62.5888694882823,224.846522016334,84.0909090909091,4.15347798366556,166.411130511718,"2022-07-18",153.738564213564,69.3032275611553,237.038552512217,87.6614357864358,4.3614474877829,172.096772438845,161298.2,7
155355,146.097222222222,71.1208308955721,220.12117169192,77.9027777777778,3.87882830808033,152.879169104428,"2022-07-25",151.056940281941,72.8294141338727,227.791002115221,80.7430597180598,4.00899788477915,158.970585866128,154022.4,7
147520,141.464285714286,68.2998227558161,213.24519432787,75.5357142857143,3.75480567213043,148.700177244184,"2022-08-01",156.88694028194,79.691348946998,230.780182900503,77.7130597180598,3.81981709949746,154.908651053002,149507.2,7
137532,169.814102564103,100.337547529693,236.542122539981,70.1858974358974,3.45787746001854,139.662452470307,"2022-08-08",177.162002670532,105.844666741977,243.042030657452,69.237997329468,3.35796934254775,140.555333258023,146202.4,7
143472,182.15,96.1096740656269,259.145903926408,80.85,3.85409607359155,166.890325934373,"2022-08-15",187.615447114977,119.021952836667,248.923271716675,64.3845528850235,3.07672828332529,132.978047163333,144600,7
147133,246.28440285205,193.355458463176,286.155760801083,41.7155971479501,1.84423919891704,94.6445415368242,"2022-08-22",216.112550940113,148.755189567533,274.879061332709,61.6874490598869,2.92093866729099,129.044810432467,143290.2,7
147343,198.364444444444,137.007261369023,249.527376988032,53.6355555555556,2.47262301196801,114.992738630977,"2022-08-29",256.435893041275,183.702320436833,318.535010153425,65.1641069587257,3.0649898465754,137.897679563167,144992.4,7
140971,283.949804839969,216.966006410146,343.024142408041,62.0501951600312,2.97585759195893,129.033993589854,"2022-09-05",317.580223085605,239.737488229358,379.805649530295,65.2197769143956,2.99435046970518,143.062511770643,147639,7
146043,371.430813069909,275.073201876196,454.821866643559,87.5691869300912,4.17813335644063,183.926798123804,"2022-09-12",384.70112822948,286.964832414607,462.844250653146,81.8988717705199,3.75574934685359,179.635167585393,149198.6,7
156705,487.87165022165,376.285513028248,565.49910081076,81.1283497783498,3.50089918924044,192.714486971752,"2022-09-19",484.666781909134,371.156785197302,574.675722460735,94.3332180908662,4.32427753926521,207.843214802699,155230.8,7
154931,581.888928571429,429.492179389424,701.348766415341,125.111071428571,5.65123358465909,277.507820610576,"2022-09-26",632.141813858216,499.463813387576,737.905654045077,110.858186141785,5.09434595492328,243.536186612425,165904.8,7
177504,698.192712842713,557.967025282493,808.684736025974,115.807287157287,5.31526397402608,256.032974717507,"2022-10-03",849.521437674223,689.968752618987,975.741331958093,132.278562325778,6.05866804190665,291.831247381013,179113.4,7
194341,1021.32496458538,858.501147361517,1159.17380032975,144.675035414624,6.8261996702493,307.498852638483,"2022-10-10",1053.38546212725,851.793095478259,1220.41771067324,175.414537872753,8.38228932676085,377.006904521742,195016,7
212086,1458.32893214994,1227.59789803325,1644.00025620864,194.671067850055,8.99974379135749,425.402101966747,"2022-10-17",1291.15527248356,1033.6203332342,1509.38695019313,229.244727516443,11.0130498068747,486.779666765801,216236.2,7
236218,1507.19177248677,1185.40722732461,1788.88099438649,296.808227513228,15.1190056135114,618.592772675394,"2022-10-24",1533.50000286187,1221.13973505347,1793.05499521924,272.499997138125,12.945004780761,584.860264946532,237699.4,7
261032,1770.73798035298,1338.62836816913,2146.19496401477,394.26201964702,18.8050359852282,826.371631830874,"2022-10-31",1649.604735091,1281.6650800015,1947.3582331941,312.395264909002,14.6417668058969,680.334919998501,261319.8,7
284820,1909.9163647343,1495.56403437884,2227.02496115654,332.0836352657,14.9750388434578,746.435965621161,"2022-11-07",1615.74181285738,1200.01770760793,1952.65990577072,353.458187142624,16.5400942292847,769.182292392075,283829.6,7
312443,1601.84862573099,1161.12787210167,1930.68999020407,344.151374269006,15.3100097959286,784.872127898327,"2022-11-14",1557.13268524425,1108.89361365916,1909.17405845382,368.867314755751,16.8259415461806,817.10638634084,309768.6,7
324635,1289.01432098183,819.361036065383,1670.5086190917,399.985679018165,18.4913809082965,869.638963934617,"2022-11-21",1453.38731680713,987.574121436607,1809.78523104487,373.21268319287,16.8147689551344,839.025878563393,332044.8,7
365913,1214.14613442113,729.78675758078,1571.45175780201,373.853865578866,16.5482421979912,858.21324241922,"2022-11-28",1373.90110013733,871.257283732066,1759.22585004367,403.498899862674,18.1741499563303,906.142716267934,350133.2,7
372413,1252.01113816739,732.030907056362,1649.25082697,415.988861832612,18.7491730299971,935.969092943638,"2022-12-05",1434.59877953189,896.470776185471,1852.17011781086,437.401220468109,19.829882189144,975.52922381453,358967.8,7
375262,1512.48528138528,913.979845856131,1974.22805615056,483.514718614719,21.7719438494371,1082.02015414387,"2022-12-12",1567.69010225971,994.935566683735,2009.45436843072,462.709897740289,20.9456315692832,1035.46443331627,358641.6,7
356616,1905.33702270382,1287.1953343687,2395.41132904,513.662977296182,23.5886709599972,1131.8046656313,"2022-12-19",1771.28786008498,1163.5364165742,2250.98561286903,502.712139915024,23.0143871309669,1110.4635834258,349833.4,7
323004,1954.47093462093,1311.6849885567,2456.92987219101,526.529065379065,24.0701278089928,1169.3150114433,"2022-12-26",1945.96504997927,1297.10402260767,2469.61702033957,549.034950020725,25.3829796604299,1197.89597739233,335446.8,7
321872,2232.13492354746,1572.7910070331,2779.10797999359,573.865076452544,26.8920200064094,1233.2089929669,"2023-01-02",2114.76983222093,1423.46967164404,2686.17428632253,599.430167779067,28.0257136774716,1290.73032835596,315833.2,7
300480,2125.39708763888,1399.8689372237,2742.40786432269,647.602912361117,30.5921356773123,1373.1310627763,"2023-01-09",2324.0326845996,1564.22516088272,2966.19620358806,673.967315400401,31.8037964119415,1433.77483911728,295564.8,7
277194,2356.50919259357,1545.80809103797,3057.01438606535,735.490807406425,34.9856139346452,1546.19190896203,"2023-01-16",2724.57729502313,1860.12995628266,3472.9613155964,785.822704976873,37.4386844036046,1650.27004371734,281764.8,7
255274,2951.65128459715,1990.97278056209,3795.52091536765,886.348715402854,42.4790846323468,1847.02721943791,"2023-01-23",3253.91187318348,2272.33278701144,4108.71090867028,897.688126816518,42.8890913297222,1879.26721298856,269419.2,7
254004,3957.19398673858,2791.20896555641,4990.75543223269,1085.80601326142,52.2445677673083,2251.79103444359,"2023-01-30",3986.9043130008,2823.50193252062,4998.26195575698,1062.0956869992,50.7380442430188,2225.49806747938,260259.2,7
260144,4878.80781434923,3633.80516067703,5957.855945363,1133.19218565077,54.1440546369973,2378.19483932297,"2023-02-06",4613.47249743891,3306.55103670659,5746.76687113225,1190.12750256109,56.8331288677472,2497.04896329341,253761.2,7
254680,5790.35928672545,4155.71466476958,7190.1630997562,1469.64071327455,69.8369002437958,3104.28533523042,"2023-02-13",5074.60644045816,3690.85063126197,6272.91391402448,1258.39355954184,60.0860859755237,2642.14936873803,252425.2,7
244704,5489.35011478415,3961.05361196783,6799.53896294171,1375.64988521585,65.4610370582867,2903.94638803217,"2023-02-20",5367.39708741957,3946.7388149876,6593.7863613932,1287.80291258043,61.4136386068003,2708.4611850124,249547.8,7
248594,5257.32099969339,3912.47075333901,6426.25612982877,1227.67900030661,58.7438701712295,2572.52924666099,"2023-02-27",5573.22742366733,4117.48576645768,6834.54109385842,1324.77257633267,63.458906141577,2780.51423354232,246067,7
239617,5421.14722154561,4070.64988418454,6595.11766907631,1232.85277845439,58.8823309236913,2583.35011581546,"2023-03-06",5625.32130942297,4225.12250393687,6827.12095480523,1262.07869057704,60.2790451947678,2662.27749606313,243113,7
242740,5907.95949558803,4487.53991802746,7161.62960768912,1318.04050441197,64.370392310881,2738.46008197254,"2023-03-13",5519.11616919157,4150.84489892078,6693.6813163896,1233.48383080842,58.9186836104046,2601.75510107922,239844.2,7
239910,6050.82871550365,4693.89835216552,7153.06240449025,1156.17128449635,53.9375955097494,2513.10164783448,"2023-03-20",5167.46088470257,3848.77363692774,6290.45028029154,1179.13911529743,56.149719708455,2497.82636307226,231418.4,7
228360,4958.3244136272,3589.66558688738,6132.34077086353,1232.6755863728,58.6592291364712,2601.33441311262,"2023-03-27",4744.82623308098,3508.00879220989,5788.20186543485,1095.37376691902,51.9981345651477,2332.19120779011,223307.4,7
206465,3499.04457724836,2402.11444337382,4410.10094933852,955.955422751636,44.8990506614814,2052.88555662618,"2023-04-03",4062.70939765521,2947.02671082168,4989.87474307394,972.890602344787,45.7252569260623,2088.57328917832,212035.4,7
199062,3307.97396343766,2366.8256605953,4083.87559479285,814.026036562337,38.1244052071547,1755.1743394047,"2023-04-10",3240.91677233393,2207.08369792501,4128.69225369535,932.083227666066,44.3077463046518,1965.91630207499,200731,7
186380,2497.37531845919,1682.62951108638,3169.99399588455,705.624681540809,33.0060041154543,1520.37048891362,"2023-04-17",2599.41904467565,1675.61303068689,3407.62238379228,848.780955324351,40.5776162077161,1772.58696931311,190974.2,7
183388,1941.86558889725,994.183287682182,2847.1499575973,952.13441110275,46.8500424026965,1899.81671231782,"2023-04-24",2271.61928507013,1411.18690633721,3043.13457915986,810.580714929868,39.065420840135,1671.01309366279,186002.2,7
179576,1750.83577533578,932.312250696749,2526.99142134821,816.164224664225,40.0085786517927,1634.68774930325,"2023-05-01",1929.62858711761,1125.20831710872,2672.21251837707,780.571412882394,37.9874816229332,1584.99168289128,181275.2,7
181605,1860.04577922078,1079.98382162542,2587.66192617642,764.954220779221,37.3380738235761,1545.01617837458,"2023-05-08",1701.24361048562,935.474641443025,2429.55051102401,765.956389514376,37.6494889759889,1531.72535855697,176473.4,7
175427,1598.02047367503,936.932714452884,2229.26529087885,663.979526324968,32.7347091211454,1325.06728554712,"2023-05-15",1558.14823564075,867.211325145026,2215.78088984033,691.651764359254,34.0191101596652,1382.58867485497,170059.4,7
162371,1355.45043529928,733.961132757892,1956.68395911927,632.549564700716,31.3160408807329,1254.03886724211,"2023-05-22",1419.24455820707,801.629734847799,2008.84628343492,620.155441792931,30.5537165650815,1237.7702651522,162266,7
151318,1226.38871467286,652.866706192184,1778.30185167892,580.611285327139,28.6981483210783,1154.13329380782,"2023-05-29",1235.46670821593,701.039575362036,1749.47960328198,540.733291784071,26.7203967180218,1075.16042463796,153765.4,7
140609,1056.31738816739,604.404299210617,1492.31838932113,458.682611832612,22.6816106788739,910.595700789383,"2023-06-05",1080.44991268361,610.580617094163,1533.24635919,476.350087316393,23.5536408100049,946.219382905838,144899,7
139102,941.156529265082,577.033024196604,1290.82852541172,367.843470734918,18.1714745882776,731.966975803396,"2023-06-12",958.022508545207,551.403056360958,1349.63440837455,411.977491454793,20.3655916254462,818.596943639042,137205.6,7
131095,822.936496013418,484.637923113516,1148.09907041894,342.063503986582,16.9009295810611,680.362076886483,"2023-06-19",877.844478313391,511.212451729995,1231.5944465038,372.155521686609,18.4055534962026,738.787548270005,130985.6,7
123904,743.313414607286,438.073329091869,1038.62420504206,310.686585392714,15.3757949579394,615.926670908131,"2023-06-26",816.625139874053,483.401096146024,1137.14172396698,337.174860125947,16.6582760330228,670.398903853976,125712.8,7
120218,825.498563513781,451.913683037368,1188.10204232514,381.501436486219,18.8979576748598,755.086316962632,"2023-07-03",767.564027321029,460.017508601383,1062.11523876609,309.835972678972,15.2847612339123,617.382491398617,121186,7
114245,750.220695970696,465.347521290764,1020.05477663702,283.779304029304,13.945223362975,568.652478709236,"2023-07-10",746.802395339166,460.996546957306,1019.46984123461,286.797604660834,14.1301587653937,572.603453042694,118141,7
116468,695.85096649996,460.115086473398,915.696099407275,231.14903350004,11.303900592725,466.884913526602,"2023-07-17",738.448084737397,470.089934377721,991.538153841279,266.151915262603,13.0618461587208,534.51006562228,116528.6,7
115870,719.128336104107,489.533114893131,934.872082761532,226.871663895893,11.1279172384684,456.466885106869,"2023-07-24",736.963111277766,503.053064872021,953.873492139817,228.036888722234,11.1265078601827,461.946935127979,118028.8,7
115842,701.541861598441,483.540266193943,898.965768075425,207.458138401559,10.0342319245746,425.459733806057,"2023-07-31",743.974153898828,524.309582077698,945.129237920254,211.425846101172,10.2707620797455,431.090417922303,121269.8,7
127719,818.073696215625,616.729335508871,999.778733817831,190.926303784375,9.22126618216939,392.270664491129,"2023-08-07",755.291431461307,543.614513759952,947.984564456703,202.508568538694,9.81543554329646,414.185486240048,124976.8,7
130450,785.275909076005,571.630107319146,976.333505539211,200.724090923995,9.66649446078941,414.369892680854,"2023-08-14",763.384588282297,557.282777608269,947.863233951968,193.815411717703,9.33676604803149,399.917222391731,135017.4,7
135003,752.437354312354,556.63974488467,929.97273208952,186.562645687646,9.02726791047963,382.36025511533,"2023-08-21",771.113377671867,571.127076155515,949.202196750646,187.086622328133,8.99780324935351,387.072923844485,141814.8,7
166073,759.594120209059,557.874434134714,934.265430237856,183.405879790941,8.73456976214353,385.125565865286,"2023-08-28",756.348421037438,562.208313685772,927.205078273366,179.451578962562,8.59492172663378,373.591686314228,148344.4,7
149829,740.185808546292,552.761758930175,905.660582068815,173.814191453708,8.33941793118474,361.238241069825,"2023-09-04",768.543980612978,582.501134148689,931.234976788253,170.856019387022,8.16502321174682,356.898865851311,156024.6,7
160367,744.248913043478,572.135523160154,889.793141431429,152.751086956522,7.20685856857071,324.864476839846,"2023-09-11",780.270175266278,604.666285227647,930.893725588155,158.129824733722,7.50627441184466,333.733714772353,163325,7
168851,846.253706953707,673.094209633732,996.482998113645,157.746293046293,7.51700188635463,330.905790366268,"2023-09-18",807.277349218068,644.259131680656,946.472703324412,146.122650781932,6.92729667558813,309.140868319344,168003,7
171505,811.068327578854,667.46550027946,928.266476089031,122.931672421146,5.73352391096882,266.53449972054,"2023-09-25",862.004575787198,710.692192305074,990.048709962689,134.395424212802,6.3512900373112,285.707807694927,176407.2,7
189463,894.62998996801,755.83866639976,1012.16031891914,123.37001003199,5.8396810808609,262.16133360024,"2023-10-02",926.481458450401,783.491229588379,1047.21463531208,126.718541549599,5.98536468792023,269.708770411621,184809,7
191850,1013.82194139194,884.927062052261,1123.5406152602,115.178058608059,5.4593847398001,244.072937947739,"2023-10-09",990.612269007712,854.763742766095,1104.93509826511,119.987730992288,5.66490173489341,255.836257233906,192805.8,7
202376,1066.63332635949,936.130709576682,1175.62276817838,114.366673640507,5.37723182161584,244.869290423318,"2023-10-16",1115.11350324131,976.946735392756,1232.36832843778,123.086496758686,5.83167156222485,261.253264607244,201888.8,7
208835,1166.90775974026,1029.45677552231,1285.08531287878,124.09224025974,5.91468712122052,261.543224477691,"2023-10-23",1360.47237839716,1216.14262846822,1483.09650833873,128.727621602838,6.10349166126988,273.057371531778,212794.6,7
216920,1433.57449874687,1278.38046341277,1565.43262695237,138.425501253133,6.56737304762601,293.61953658723,"2023-10-30",1629.57267609272,1476.15991618963,1759.72491830816,136.62732390728,6.47508169183857,290.040083810372,225376.8,7
243992,2121.42436574725,1951.81813177709,2265.80121842391,151.575634252753,7.19878157608603,321.18186822291,"2023-11-06",1924.50245236623,1765.22200674658,2059.85762585466,142.097547633775,6.7423741453403,301.377993253424,236122.4,7
254761,2359.32342986973,2185.01350065929,2506.68266510736,154.676570130266,7.31733489264359,328.98649934071,"2023-11-13",2330.3400241099,2159.92079334269,2476.49669818069,153.459975890097,7.30330181930802,323.879206657308,251957.4,7
256104,2541.28220772702,2381.44116236143,2676.28630591088,141.717792272982,6.71369408912448,301.558837638575,"2023-11-20",2844.35151346931,2661.4579041942,3003.03474978785,166.648486530693,7.96525021215356,349.542095805801,273297,7
288010,3196.09561845865,3002.95070850289,3368.28067450894,180.90438154135,8.71932549105912,374.049291497114,"2023-11-27",3545.60358735595,3339.46166022523,3726.86047521348,190.39641264405,9.13952478651607,396.538339774771,290601,7
323618,4003.63194554389,3786.0660176703,4198.12288498815,204.368054456115,9.87711501185371,421.933982329696,"2023-12-04",4451.13082787833,4220.32624943664,4654.72012800758,213.869172121665,10.2798719924248,444.673750563361,308072,7
330512,5627.68473518046,5341.83691193224,5884.9298455521,270.315264819538,13.0701544478986,556.163088067758,"2023-12-11",5471.4202856535,5209.42418941089,5702.15274352428,242.379714346498,11.6472564757155,504.375810589108,321356.6,7
342116,6886.95963248166,6589.33644671634,7145.98092907781,272.040367518341,13.0190709221875,569.663553283661,"2023-12-18",6262.492163114,5961.09639264633,6531.17510479664,282.307836885998,13.6248952033621,583.703607353674,333253.4,7
322527,7642.72949660285,7326.93086223269,7913.44938349442,284.270503397146,13.550616505578,600.069137767308,"2023-12-25",6938.57951469123,6604.50072987725,7238.17780464353,314.82048530877,15.2221953564657,648.899270122753,334062,7
347494,7151.45500576115,6761.31172468005,7513.39248087071,380.544994238851,18.607519129292,770.688275319946,"2024-01-01",7409.95881212101,7041.28617308264,7740.97307599227,347.841187878991,16.8269240077274,716.513826917358,329186,7
327661,7384.06870343003,7003.08770382491,7733.13638422263,366.931296569975,17.8636157773715,747.912296175087,"2024-01-08",7879.93450552075,7459.16882482953,8261.90840698823,401.465494479252,19.4915930117702,822.231175170474,322912.2,7
306132,7984.58122232936,7525.76412795922,8398.90620229579,435.418777670642,21.0937977042072,894.235872040784,"2024-01-15",8523.41973373113,8032.01857509346,8975.62526678237,475.380266268868,23.1747332176276,966.781424906544,320748.2,7
310747,9236.83809948035,8678.74970545076,9750.6575840576,540.161900519648,26.3424159424015,1098.25029454924,"2024-01-22",9364.90788705107,8814.35073232252,9871.07648177899,532.092112948934,25.9235182210089,1082.64926767748,311575.2,7
311707,10860.1556376548,10191.1796135523,11482.0336824651,653.844362345224,31.9663175348649,1322.82038644766,"2024-01-29",10134.6770638853,9506.72082570723,10715.3962183827,610.522936114696,29.8037816172754,1238.47917429277,303718.8,7
301629,11358.8957723608,10672.9725108254,11990.6485558538,664.10422763918,32.3514441461986,1350.02748917462,"2024-02-05",10978.6958450504,10249.6905342192,11658.7934718083,715.104154949598,35.0065281917146,1444.10946578078,300257.6,7
288379,11232.9145876012,10464.9381707484,11954.7350672413,759.085412398785,37.2649327587037,1527.06182925155,"2024-02-12",11347.304649297,10514.6077013407,12128.1466131972,821.095350703017,40.2533868027925,1653.79229865933,292444,7
288826,12204.6751281548,11240.6126705192,13115.8924694236,958.324871845155,47.1075305764035,1922.38732948084,"2024-02-19",11284.7385395611,10347.5801550871,12170.6049644013,931.661460438901,45.7950355987448,1868.81984491294,281982.6,7
271679,11079.8821207133,10003.335541058,12097.4232910022,1070.11787928674,52.5767089977911,2146.66445894196,"2024-02-26",10867.0826111198,9803.95439898688,11878.4116838586,1063.71738888023,52.3883161414305,2126.84560101312,271302.2,7
259400,10547.3250889754,9356.04188228426,11694.3254384854,1206.67491102465,59.6745615146261,2397.95811771574,"2024-03-04",10112.041044462,8929.64390619508,11232.4624115112,1178.35895553799,57.9375884888141,2360.75609380492,258911.2,7
248227,9270.6161301542,7954.84373032449,10529.6821531404,1324.3838698458,65.3178468596273,2640.15626967551,"2024-03-11",8836.69806428559,7558.85520685285,10045.3522998923,1271.10193571441,62.4477001077031,2548.94479314715,238382.8,7
226424,7457.70675431241,6093.38570678947,8724.98870550438,1332.29324568759,65.0112944956219,2696.61429321053,"2024-03-18",6839.07164014294,5578.656578996,8042.05596094012,1265.32835985706,62.3440390598768,2525.743421004,191457.8,7
186184,5827.96022727273,4386.66917380798,7180.34191132915,1422.03977272727,69.6580886708484,2863.33082619202,"2024-03-25",NA,NA,NA,NA,NA,NA,NA,7
37054,1091.75,102.342401773821,2080.94159624134,1041.25,52.0584037586596,2030.65759822618,"2024-04-01",NA,NA,NA,NA,NA,NA,NA,7
