,relative,real,name,avg_cases,cases
0,0.8515556501715756,10.329669275457627,la_spezia,13.75,880
1,0.6637672570486918,3.734876458932204,prato,8.390625,537
2,0.8030368215669215,3.866651902979662,caltanissetta,2.53125,162
3,0.5990394167449387,2.5203888937288146,terni,5.5,352
4,0.5373351968811882,1.5456629033318643,agrigento,2.125,136
5,0.7871466462290111,5.8414107560216975,avellino,7.828125,501
6,0.17608257561205798,64.10127027457627,milano,330.0,21120
7,0.42992570749351783,6.930618749016947,massa_carrara,15.65625,1002
8,0.5618035118624874,2.2413328933593215,cagliari,3.625,232
9,0.6741046876729171,4.240026603627119,barletta_andria_trani,5.90625,378
10,0.6609901623152458,9.53500811808136,udine,14.78125,946
11,0.8004587301752477,7.008851018772881,aosta,17.890625,1145
12,0.5926072636836407,8.2364277627322,brindisi,9.390625,601
13,0.7153138087900729,2.2130421012288135,gorizia,2.96875,190
14,0.3853843618864843,2.264824048884747,reggio_calabria,4.28125,274
15,0.4927006916302618,2.7202669318406785,viterbo,6.375,408
16,0.3490054724264069,62.08664817288137,bergamo,172.640625,11049
17,0.6621422376229663,3.207270941532203,caserta,6.25,400
18,0.6066184930898748,2.5337956669108475,siracusa,3.703125,237
19,0.3699629684425428,14.650555207830509,cuneo,41.21875,2638
20,0.20623505315247262,16.42743203559322,bologna,73.828125,4725
21,0.8790247950948747,5.1937726083552525,rovigo,6.65625,426
22,0.4684573630766697,1.5596178554620348,trapani,2.171875,139
23,0.36318268973065315,13.689479394372883,padova,56.71875,3630
24,0.5239281314295497,7.239571495711867,ferrara,15.15625,970
25,0.37357335102913936,11.603899989050841,bolzano_bozen,40.046875,2563
26,0.3400029264470147,13.52581945966101,napoli,38.84375,2486
27,0.30596571598884575,11.396381991864406,mantova,49.265625,3153
28,0.22077183286732208,17.470692642372875,roma,80.859375,5175
29,0.644911109721147,1.1969296505715257,vibo_valentia,1.15625,74
30,0.24661873577822724,13.558605640338978,firenze,51.28125,3282
31,0.4280136412429894,7.26319545355932,trieste,20.359375,1303
32,0.38314859561253084,1.2255894930972884,crotone,1.84375,118
33,0.5962650662391553,2.9542109503507126,campobasso,4.625,296
34,1.1963053008822475,3.9999949486135575,ascoli_piceno,4.5,288
35,0.5642382775514515,5.609877349966101,palermo,8.4375,540
36,0.1915438250241577,14.445436125423727,pavia,70.6875,4524
37,0.7777892626948851,2.4618069941463387,benevento,2.9375,188
38,0.8448822764676698,5.3264807609898295,reggio_emilia,74.234375,4751
39,0.5780097973829291,23.000980743050846,trento,66.71875,4270
40,0.4368791958477256,27.15322328766102,livorno,8.203125,525
41,0.6808525822645852,16.74364240535593,biella,15.578125,997
42,0.3974977018281233,11.796646571525427,vicenza,42.71875,2734
43,0.6216236013910317,4.384793314086781,cosenza,7.1875,460
44,0.6510707406587576,9.00697767802034,verbano_cusio_ossola,16.9375,1084
45,2.389116280128684,21.45404253801695,savona,21.90625,1402
46,0.926424266882531,16.181298386501695,imperia,22.375,1432
47,0.40259680752077576,7.724478052881357,lucca,20.28125,1298
48,0.5602615799184608,8.95144549915254,bari,22.203125,1421
49,0.32689320669730665,7.911706117966104,forli_cesena,26.0625,1668
50,0.5346805104608875,10.292442565084745,pescara,22.40625,1434
51,0.2937180501635588,61.26008263728814,brescia,203.265625,13009
52,0.37061698669227877,15.229969621694911,novara,38.75,2480
53,0.4904424880701412,3.6283024321932187,enna,6.5625,420
54,0.3555555185329931,14.30644115898305,venezia,38.765625,2481
55,0.41958648536427123,4.354797912979661,pisa,13.25,848
56,0.3375279350549567,13.941347767796602,pesaro_e_urbino,38.1875,2444
57,0.5202015872005108,3.819990100588813,fermo,7.03125,450
58,1.520125585678628,4.67421539954407,rieti,5.28125,338
59,0.6898425829483205,5.920438135082713,messina,8.6875,556
60,0.31023256659935955,12.589835402033891,lecco,38.984375,2495
61,0.6011630460902775,7.596780514776275,sassari,13.515625,865
62,0.3862361243446182,6.184307613220338,vercelli,18.59375,1190
63,0.4848113559868731,36.039218616949135,cremona,83.421875,5339
64,0.8265831602393656,6.556450582725422,chieti,12.046875,771
65,0.5870925264436877,31.360892937694917,verona,76.3125,4884
66,0.9451766712757063,25.861257485257635,siena,6.21875,398
67,0.3167851730683687,15.644625431186437,parma,47.46875,3038
68,0.552066269407327,1.01372494761017,isernia,0.890625,57
69,0.8495162323898539,1.4053211472610179,nuoro,1.21875,78
70,0.548846458868971,78.41927521525426,torino,227.21875,14542
71,0.6992156100052735,16.6445040886644,lodi,36.953125,2365
72,1.051434721899842,88.08406337091863,salerno,10.15625,650
73,0.7977003558130591,7.937380237305082,perugia,15.328125,981
74,0.4676079585350186,6.933515572745762,belluno,17.515625,1121
75,0.34261799195726167,5.678804586169492,ancona,27.75,1776
76,0.4847458721285815,5.769379587194915,ravenna,15.3125,980
77,0.45078074745459823,8.373241912067797,sondrio,20.46875,1310
78,1.9474372376435092,13.145362826376275,oristano,0.875,56
79,0.667845284701779,20.541398474338987,treviso,38.703125,2477
80,0.27049821844486394,16.404645876271186,modena,58.03125,3714
81,0.3920429242555591,3.918566157335594,pistoia,9.9375,636
82,0.45677351070759076,9.934132393220338,asti,25.5,1632
83,0.6398627608440146,1.866820644596611,potenza,3.046875,195
84,0.3400128466731803,21.156458335593218,alessandria,57.515625,3681
85,0.6589960443033169,1.3804923357876273,ragusa,1.453125,93
86,0.4192797784708441,22.717467179661018,piacenza,59.125,3784
87,0.43027962508349915,7.137847008075253,macerata,16.65625,1066
88,0.4545407839878139,2.1984648494430505,la_aquila,3.734375,239
89,0.3124305349840484,9.778865893898304,rimini,29.890625,1913
90,0.6328800050031171,2.23617197965661,matera,3.171875,203
91,0.4660460606745476,4.6657713855593235,pordenone,10.1875,652
92,0.5164768695939733,5.980107977491525,arezzo,10.203125,653
93,0.6117025543373981,5.598436492176273,latina,7.890625,505
94,0.2915110718797817,15.649801057966098,varese,50.453125,3229
95,0.9099799517035868,4.836826308389831,grosseto,6.484375,415
96,0.4274287522725062,5.883061619999999,catania,16.0,1024
97,0.6524635464033155,2.6232993802101694,taranto,4.203125,269
98,0.5196295383722498,44.36679562203388,genova,79.015625,5057
99,0.6038141172035255,3.8357952707979655,lecce,7.734375,495
100,0.6406435670309246,5.7254628779627135,frosinone,9.015625,577
101,0.3323386575355194,14.619093860644071,como,54.78125,3506
102,0.9200991639988487,11.687474060905766,catanzaro,3.25,208
103,0.3911039039334223,6.411812610169493,foggia,17.09375,1094
104,0.6868376056087953,5.796833886149152,teramo,10.0,640
